	Valence	Arousal	Dominance
abandonado	     1.629	     5.926	     2.941
abanico	     6.355	     4.780	     5.357
abeja	     3.187	     6.462	     3.581
abejas	     3.052	     6.473	     3.522
abejorro	     3.184	     6.283	     3.647
abnegación	     3.913	     4.719	     4.454
abogada	     4.208	     5.353	     4.558
abogado	     4.862	     5.022	     5.061
aborto	     2.413	     5.514	     3.628
abrasador	     3.977	     5.156	     4.533
abrigo	     6.072	     4.732	     5.318
abrumado	     2.780	     5.906	     3.598
abstinente	     3.951	     4.779	     4.676
absurdo	     4.118	     4.879	     4.775
abuela	     7.735	     5.924	     5.613
abuelo	     7.692	     5.722	     5.773
abundancia	     7.111	     6.009	     5.529
aburrido	     3.237	     4.336	     4.187
accidente	     1.664	     6.396	     2.892
acción	     5.888	     5.751	     5.072
acelerador	     5.219	     5.234	     5.017
acento	     6.055	     5.602	     5.294
acidez	     3.273	     5.006	     4.487
ácido	     3.083	     5.424	     3.794
acierto	     7.606	     5.618	     5.932
acogedor	     7.614	     5.620	     5.806
acontecimiento	     5.903	     5.132	     4.932
acoso	     1.631	     6.958	     3.109
acre	     4.555	     4.359	     5.135
activar	     6.016	     5.401	     5.302
acto	     5.539	     4.711	     5.302
actriz	     6.045	     5.124	     5.454
acuerdo	     6.993	     5.063	     5.848
acurrucarse	     7.418	     5.701	     5.423
ademán	     4.154	     5.171	     4.653
adicción	     2.066	     6.256	     3.510
adicto	     2.161	     5.724	     3.532
adinerado	     5.934	     5.702	     5.224
adiós	     1.701	     5.684	     2.992
admiración	     7.182	     5.852	     5.704
admirado	     7.099	     5.868	     5.661
adolescente	     6.064	     5.379	     5.208
adopción	     6.967	     5.656	     5.521
adorable	     7.988	     5.906	     6.056
adoración	     6.156	     5.449	     5.263
adulto	     5.268	     5.353	     4.724
adversario	     3.710	     6.174	     4.196
aeropuerto	     6.603	     5.209	     5.184
afectar	     3.352	     4.904	     3.892
afecto	     7.794	     6.303	     5.908
afianzar	     5.269	     4.608	     5.202
afligido	     2.094	     4.738	     3.530
afortunado	     7.609	     5.818	     5.831
agente	     4.129	     5.109	     4.678
agilidad	     6.784	     4.699	     5.647
agobiado	     2.382	     5.821	     3.768
agonía	     2.012	     5.695	     3.388
agradecido	     7.902	     5.467	     6.058
agresión	     1.622	     6.925	     3.096
agresividad	     1.734	     6.814	     3.331
agresivo	     2.099	     6.687	     3.491
agricultor	     5.698	     4.599	     5.147
aguanieve	     5.752	     4.554	     5.233
aguardiente	     4.871	     4.775	     5.009
agudo	     4.561	     4.912	     4.869
águila	     5.463	     5.489	     4.827
aguja	     3.903	     5.012	     4.484
ahogarse	     1.966	     6.492	     2.860
ahorrar	     6.093	     4.994	     5.248
aire	     6.646	     4.870	     5.502
aislamiento	     1.876	     6.144	     3.031
ajedrez	     5.543	     4.634	     5.133
alambrada	     3.499	     4.926	     4.389
alambre	     4.148	     4.568	     4.810
alba	     6.782	     4.628	     5.424
albañil	     5.060	     4.366	     5.039
albergue	     5.745	     5.431	     5.169
alcaldesa	     3.611	     4.938	     4.658
alce	     5.766	     5.421	     4.779
alcohólico	     2.172	     5.619	     3.543
alegre	     8.054	     6.257	     5.919
alergia	     5.087	     5.448	     5.061
alerta	     3.467	     5.997	     3.687
alfiler	     4.081	     5.594	     4.018
alfombra	     4.285	     4.546	     4.917
alianza	     6.329	     5.463	     5.041
alicates	     4.570	     4.645	     4.959
aliento	     3.671	     5.054	     4.484
alivio	     7.328	     5.678	     5.736
alma	     6.182	     5.244	     4.996
almeja	     5.103	     4.371	     5.336
almohada	     6.667	     4.679	     5.565
altercado	     2.562	     6.323	     3.622
aluminio	     4.809	     4.415	     5.181
alumno	     6.078	     5.504	     5.215
amabilidad	     7.526	     5.732	     5.794
amable	     7.887	     6.018	     5.877
amado	     7.763	     6.367	     5.803
amanecer	     7.583	     5.903	     5.656
amante	     6.003	     5.606	     5.239
amarillo	     5.424	     4.525	     5.226
ambición	     5.636	     5.548	     5.003
ambiente	     6.045	     5.492	     5.228
ambulancia	     2.729	     5.691	     3.537
amenaza	     2.269	     6.616	     3.224
ametralladora	     1.588	     6.967	     2.959
amiga	     7.594	     5.971	     5.533
amigable	     7.628	     6.030	     5.734
amigo	     7.981	     6.478	     5.910
amor	     7.633	     6.377	     5.486
ampliación	     5.812	     5.329	     5.188
amplitud	     5.958	     5.431	     4.972
ampolla	     2.363	     5.319	     4.440
análisis	     3.395	     6.192	     3.585
analista	     4.960	     4.964	     4.937
analogía	     4.939	     4.342	     5.162
anciano	     5.761	     4.702	     4.907
anfitrión	     7.126	     5.644	     5.522
ángel	     6.773	     4.728	     5.390
anguila	     3.212	     5.442	     3.947
angustia	     1.963	     5.903	     3.211
angustiado	     1.931	     5.864	     3.092
anhelo	     2.824	     4.956	     3.862
anillo	     6.288	     5.049	     5.402
ánimo	     7.556	     6.222	     5.668
anorak	     5.526	     4.593	     5.093
ansioso	     2.856	     6.256	     3.611
antecedente	     4.631	     5.118	     4.684
antena	     4.961	     4.417	     5.139
anticuario	     4.829	     4.157	     5.158
antorcha	     5.483	     5.387	     4.739
antropólogo	     5.297	     4.309	     5.284
añoranza	     2.210	     4.926	     3.544
apariencia	     3.724	     4.688	     4.572
apartamento	     6.278	     5.111	     5.552
aplastado	     2.452	     5.696	     3.640
aplauso	     7.479	     6.034	     5.630
aprecio	     7.352	     6.228	     5.594
aprender	     7.363	     6.260	     5.536
aprobación	     7.338	     6.201	     5.391
aptitud	     6.991	     5.247	     5.554
apuros	     2.841	     6.402	     3.611
árbitro	     3.947	     4.903	     4.748
árbol	     6.713	     4.718	     5.486
archivador	     4.964	     4.304	     5.144
arco	     4.643	     4.687	     4.973
arcoíris	     7.500	     5.279	     5.866
ardilla	     7.042	     5.089	     5.732
argumento	     5.682	     5.254	     4.987
arma	     2.008	     6.573	     3.209
armario	     5.159	     4.571	     5.168
arqueólogo	     5.531	     4.697	     5.287
arquitecto	     5.652	     4.476	     5.359
arrebatar	     2.112	     6.389	     3.552
arrepentido	     3.085	     4.452	     4.084
arrogante	     2.442	     5.650	     4.236
arroyo	     5.204	     5.029	     4.941
arte	     6.796	     5.637	     5.153
artefacto	     3.609	     5.820	     3.838
artesana	     6.001	     4.939	     5.393
artista	     6.771	     5.109	     5.309
as	     6.096	     5.557	     5.325
asalariada	     6.354	     5.451	     5.278
ascender	     7.083	     6.032	     5.325
ascensor	     4.669	     4.495	     5.027
asediado	     2.162	     6.037	     3.558
asesina	     2.016	     6.649	     3.322
asesinar	     1.744	     6.789	     3.125
asesinato	     1.687	     6.873	     3.129
asesino	     1.531	     7.088	     2.932
asesor	     5.068	     4.288	     5.256
asesora	     5.410	     5.147	     4.995
asfalto	     3.849	     4.926	     4.579
asfixiarse	     1.906	     6.657	     2.988
asiento	     5.290	     4.409	     5.169
asilo	     2.314	     5.352	     3.609
asistenta	     5.490	     4.578	     4.942
asno	     5.782	     4.869	     5.157
asombrado	     5.840	     5.426	     5.133
áspero	     3.719	     4.627	     4.671
asqueado	     2.437	     5.324	     4.404
asqueroso	     2.063	     5.453	     4.195
astronauta	     5.730	     5.196	     5.017
asunto	     4.878	     4.557	     5.041
asustado	     2.207	     6.353	     3.171
atentado	     1.603	     6.782	     2.875
aterrorizado	     2.041	     6.818	     2.881
ático	     6.622	     5.001	     5.522
atleta	     5.811	     4.798	     5.327
atracador	     2.104	     6.678	     3.315
atracción	     7.252	     6.086	     5.264
atraco	     1.936	     6.719	     3.257
atraer	     6.754	     5.177	     5.527
atrevido	     6.038	     5.393	     5.121
atrocidad	     1.886	     6.658	     3.434
atún	     5.276	     4.579	     5.224
aumento	     6.249	     5.513	     5.063
aurora	     7.149	     5.077	     5.580
autobús	     4.546	     4.717	     4.893
autoridad	     3.567	     5.949	     4.137
auxilio	     3.350	     5.736	     3.658
avalancha	     3.020	     6.670	     3.356
avance	     6.259	     5.583	     5.043
avaricia	     2.259	     5.797	     4.181
avenida	     5.288	     4.388	     5.358
aventura	     7.619	     6.454	     5.619
avergonzado	     2.212	     6.147	     3.338
avestruz	     5.367	     5.230	     5.082
avión	     5.989	     5.563	     4.924
avispa	     2.370	     6.328	     3.487
ayuda	     6.232	     5.274	     5.056
ayudar	     7.925	     5.947	     5.902
ayuntamiento	     3.681	     5.087	     4.680
azada	     4.327	     4.966	     4.684
azafata	     6.155	     5.570	     5.409
azar	     5.177	     5.392	     4.418
azúcar	     6.638	     4.709	     5.482
azul	     6.631	     4.605	     5.387
bacteria	     2.613	     5.818	     3.668
bailarín	     6.815	     4.983	     5.342
bailarina	     7.282	     5.897	     5.637
bala	     2.086	     6.578	     3.136
balancín	     6.852	     5.348	     5.589
balanza	     4.919	     5.002	     4.823
balcón	     5.724	     5.374	     4.824
ballena	     6.065	     5.616	     4.991
baloncesto	     5.633	     4.881	     5.189
bancarrota	     1.923	     6.269	     3.087
banco	     3.822	     4.961	     4.747
banda	     5.956	     5.532	     5.021
bandeja	     4.998	     4.248	     5.163
bandera	     5.311	     4.962	     5.098
banquero	     2.634	     5.801	     4.336
banquete	     7.250	     5.836	     5.590
bañador	     6.441	     5.315	     5.489
bañera	     6.474	     4.929	     5.509
baño	     5.493	     4.996	     5.329
bar	     6.437	     5.389	     5.473
baranda	     4.715	     4.541	     5.059
barbaridad	     2.430	     5.898	     3.942
barco	     5.884	     5.367	     4.819
barra	     4.752	     4.672	     5.039
barranco	     3.839	     5.783	     3.838
barrendero	     4.586	     4.337	     5.105
barril	     5.011	     4.347	     5.174
bastardo	     3.323	     4.922	     4.515
basto	     4.029	     4.789	     4.756
bastón	     3.574	     4.381	     4.374
basura	     2.189	     5.158	     4.316
basurero	     3.866	     4.571	     4.773
bata	     5.642	     4.871	     5.248
bautizo	     6.375	     5.386	     5.554
bayoneta	     3.074	     5.981	     3.822
beato	     4.841	     4.340	     5.148
bebida	     6.282	     5.467	     5.127
belleza	     7.284	     5.951	     5.613
bendecir	     5.525	     4.753	     5.232
bendición	     5.990	     5.411	     5.415
bengala	     5.443	     5.497	     4.829
beso	     7.779	     6.077	     5.824
bestia	     2.861	     6.519	     3.562
bicicleta	     6.752	     4.890	     5.687
billete	     7.072	     5.575	     5.640
billetera	     5.680	     5.337	     5.031
bisonte	     3.644	     5.866	     3.840
bisturí	     2.817	     5.981	     3.601
blanco	     6.581	     4.912	     5.459
blasfemia	     2.585	     5.653	     4.252
blusa	     5.544	     4.603	     5.287
boda	     7.533	     6.140	     5.552
bodega	     4.817	     4.423	     5.053
bofetada	     1.964	     6.586	     3.676
bolígrafo	     5.167	     4.356	     5.247
bolsa	     4.749	     4.357	     5.133
bolsillo	     4.756	     4.363	     5.122
bolso	     6.182	     5.226	     5.434
bomba	     1.844	     6.649	     3.026
bombardeo	     1.689	     6.693	     3.090
bombero	     6.060	     5.226	     5.217
bombilla	     5.187	     4.334	     5.331
bondad	     7.489	     6.313	     5.656
borde	     3.103	     5.513	     4.433
borracho	     2.819	     5.457	     3.781
bota	     5.160	     4.329	     5.234
bote	     5.894	     5.446	     5.144
botella	     4.812	     4.615	     4.984
botín	     6.373	     5.272	     5.437
boxeador	     3.067	     6.281	     3.758
brazalete	     5.989	     5.039	     5.369
brazo	     5.084	     4.343	     5.186
brevedad	     3.986	     5.144	     4.082
brillante	     7.196	     5.914	     5.612
brío	     5.989	     5.544	     5.353
brisa	     6.847	     4.984	     5.280
bruja	     5.028	     5.232	     4.909
brújula	     5.610	     4.753	     5.283
brutal	     3.137	     6.471	     3.673
brutalidad	     1.886	     6.661	     3.559
buceador	     5.822	     5.192	     5.112
bueno	     7.535	     5.468	     5.797
buey	     4.704	     5.236	     4.647
búfalo	     3.497	     6.382	     3.662
bufanda	     5.647	     4.502	     5.290
búho	     5.819	     5.299	     4.931
buitre	     3.012	     5.677	     3.587
bulto	     3.511	     5.586	     3.846
burla	     2.199	     5.975	     4.061
burro	     5.613	     5.090	     4.833
butaca	     6.030	     5.051	     5.258
buzón	     5.009	     4.291	     5.138
caballero	     5.822	     5.237	     5.371
caballo	     6.934	     5.347	     5.666
cabello	     5.784	     5.478	     5.284
cable	     4.606	     4.533	     4.988
cachondeo	     7.111	     6.014	     5.447
cadáver	     2.098	     5.950	     3.285
cadena	     2.224	     6.194	     3.456
caída	     2.290	     6.058	     3.418
caimán	     3.075	     6.602	     3.429
caja	     5.340	     4.991	     5.150
calcetín	     5.119	     4.443	     5.281
calculadora	     4.997	     4.236	     5.111
cálculo	     4.132	     4.985	     4.703
calefacción	     6.712	     4.636	     5.592
calidad	     7.330	     5.381	     5.704
callado	     3.586	     4.757	     4.144
calle	     5.669	     5.344	     5.061
callejón	     3.399	     5.819	     3.677
calmar	     5.806	     4.882	     5.235
calor	     6.814	     5.784	     5.563
calvario	     2.055	     6.212	     3.313
calzoncillos	     4.210	     4.561	     4.889
cama	     8.056	     6.334	     5.961
camaleón	     6.452	     4.904	     5.414
camarera	     5.741	     4.699	     5.212
camarero	     5.762	     5.247	     5.293
cambio	     5.940	     5.448	     4.949
camello	     5.628	     5.106	     5.294
camión	     4.513	     4.716	     4.858
camionero	     4.771	     4.342	     5.119
camisa	     5.613	     4.621	     5.320
camiseta	     5.404	     4.412	     5.350
camisón	     5.236	     4.547	     5.053
campamento	     7.054	     5.697	     5.663
campaña	     4.968	     4.371	     5.074
campeón	     8.004	     6.128	     6.018
campeona	     7.492	     5.306	     5.836
campeonato	     6.558	     5.499	     5.251
campesino	     5.887	     4.848	     5.071
campo	     6.923	     5.611	     5.564
canario	     6.652	     4.852	     5.539
cáncer	     1.618	     6.741	     2.769
candado	     3.456	     5.518	     3.883
candidata	     5.953	     5.282	     4.882
candidato	     5.546	     5.538	     4.835
cangrejo	     5.684	     5.488	     4.923
canguro	     6.620	     5.299	     5.318
cansado	     3.364	     4.223	     4.493
cantante	     6.971	     5.101	     5.509
cantidad	     5.982	     5.494	     5.194
cantimplora	     5.742	     5.271	     5.358
caña	     5.455	     4.439	     5.242
cañón	     2.289	     6.555	     3.511
caos	     2.238	     6.463	     3.464
capacidad	     6.770	     4.709	     5.603
capaz	     7.388	     6.106	     5.633
capilla	     4.186	     4.591	     4.766
capital	     5.979	     5.346	     4.961
capitán	     5.676	     4.546	     5.337
capricho	     6.385	     5.576	     5.524
cara	     5.950	     5.577	     5.199
caracol	     4.283	     4.529	     4.899
caramelo	     6.976	     5.099	     5.558
cárcel	     2.030	     6.047	     3.291
carcelero	     2.591	     5.976	     3.613
cardenal	     3.492	     4.923	     4.506
carga	     2.739	     5.414	     3.892
caricia	     8.033	     6.227	     5.980
caridad	     6.649	     5.041	     5.241
cariño	     7.473	     6.231	     5.561
cariñoso	     8.007	     6.220	     5.928
carmín	     5.816	     4.888	     5.414
carnicería	     2.832	     5.176	     4.206
carnicero	     4.734	     4.393	     5.166
carpeta	     4.863	     4.399	     5.136
carpintero	     5.308	     4.360	     5.323
carretera	     5.288	     5.232	     4.940
carro	     4.818	     4.342	     5.121
carroña	     2.458	     5.091	     4.325
carta	     5.953	     5.044	     4.822
cartel	     5.114	     4.277	     5.151
cartera	     5.615	     4.888	     5.131
carterista	     2.143	     6.400	     3.471
casa	     7.253	     5.583	     5.737
casaca	     4.864	     4.473	     5.115
cascada	     6.812	     5.171	     5.711
casco	     5.173	     4.950	     5.131
caseta	     5.289	     4.384	     5.366
casino	     6.221	     5.601	     5.274
casita	     6.693	     4.873	     5.551
castidad	     2.788	     5.469	     3.861
castigo	     1.783	     6.582	     3.198
castillo	     5.861	     5.277	     5.114
casualidad	     6.794	     5.739	     5.339
catálogo	     5.397	     4.449	     5.222
cateto	     4.249	     4.475	     4.908
caudal	     5.226	     4.921	     4.964
cazador	     2.124	     6.067	     3.838
cazadora	     4.191	     5.277	     4.857
cebolla	     4.784	     4.434	     5.089
cebra	     6.673	     4.961	     5.539
celador	     3.542	     4.937	     4.189
celadora	     3.728	     4.672	     4.449
celo	     3.813	     4.828	     4.644
celos	     2.092	     6.366	     3.487
célula	     5.092	     4.344	     5.208
cementerio	     2.005	     4.854	     3.426
cemento	     4.379	     4.403	     4.883
cena	     6.920	     5.408	     5.617
cenicero	     2.616	     5.112	     4.403
ceniza	     2.974	     4.691	     4.189
centímetro	     4.837	     4.372	     5.172
centuria	     4.770	     4.497	     5.023
cepillo	     4.534	     4.369	     5.106
cerdo	     4.129	     4.646	     4.777
cerilla	     4.638	     4.688	     4.949
certeza	     6.393	     5.194	     5.358
cerveza	     6.244	     5.374	     5.296
césped	     6.748	     5.163	     5.686
cesta	     5.408	     4.484	     5.268
chacal	     4.487	     5.432	     4.410
chaleco	     5.023	     4.402	     5.162
chalet	     6.736	     5.688	     5.369
champán	     6.176	     5.219	     5.396
champiñón	     5.292	     4.349	     5.306
chándal	     5.700	     4.891	     5.343
chantaje	     1.983	     6.494	     3.884
chantajista	     1.900	     6.653	     3.549
chaqueta	     5.433	     4.419	     5.397
cheque	     7.023	     5.177	     5.721
chica	     6.381	     4.859	     5.626
chico	     6.409	     5.094	     5.489
chiflado	     4.177	     5.232	     4.111
chillido	     2.938	     6.709	     3.597
chimpancé	     6.362	     5.671	     5.112
china	     5.374	     4.986	     5.163
chinche	     2.742	     5.368	     4.024
chincheta	     4.291	     4.879	     4.747
chiste	     7.563	     5.600	     5.837
chocolate	     7.588	     6.468	     5.597
chófer	     5.734	     4.803	     5.320
choque	     2.092	     6.135	     3.255
chorizo	     5.513	     4.887	     5.358
cicatriz	     2.616	     5.239	     3.978
ciclo	     5.471	     4.518	     5.304
ciclón	     2.309	     6.597	     3.069
ciego	     2.802	     4.691	     3.840
cielo	     7.537	     5.943	     5.459
ciempiés	     3.101	     5.119	     4.297
cieno	     2.517	     5.357	     4.107
científica	     5.811	     5.440	     4.996
científico	     6.801	     5.534	     5.596
ciervo	     5.927	     5.294	     5.064
cigarrillo	     2.294	     5.861	     3.828
cigüeña	     6.191	     5.089	     5.452
cinturón	     4.481	     5.266	     4.791
circo	     6.563	     5.213	     5.317
circulación	     4.789	     4.521	     4.983
círculo	     5.004	     4.401	     5.068
cirujano	     4.528	     5.767	     4.128
cisne	     6.653	     4.862	     5.658
ciudad	     5.804	     5.290	     5.019
civilización	     5.931	     5.537	     5.249
cliente	     6.949	     5.469	     5.971
clima	     5.561	     5.377	     4.925
cobarde	     2.637	     5.399	     4.013
cocaína	     1.978	     6.475	     3.446
coche	     6.137	     5.372	     5.152
cochinilla	     4.540	     4.442	     5.060
cocina	     5.638	     4.758	     5.319
cocinero	     6.318	     4.896	     5.421
coco	     6.209	     5.287	     5.507
cocodrilo	     3.376	     6.476	     3.501
codicia	     2.289	     5.704	     4.193
código	     4.715	     4.803	     4.943
codo	     4.727	     4.366	     5.068
coito	     7.256	     5.769	     5.641
cojo	     3.348	     4.296	     4.268
cola	     4.840	     4.516	     4.977
colaboración	     6.929	     5.236	     5.677
colapso	     2.489	     6.260	     3.573
cólera	     2.063	     6.599	     3.936
colibrí	     6.380	     5.082	     5.565
collar	     6.618	     4.686	     5.472
colonia	     6.371	     5.471	     5.309
color	     7.024	     5.448	     5.363
columna	     4.689	     4.365	     5.138
columpio	     7.244	     6.056	     5.619
coma	     3.839	     4.676	     4.401
comadreja	     4.887	     4.994	     4.881
comadrona	     5.895	     5.692	     5.070
combinación	     5.073	     4.992	     5.098
comedia	     8.001	     5.894	     6.039
comedor	     6.442	     5.185	     5.624
comer	     7.107	     5.644	     5.609
comercio	     5.486	     5.012	     5.215
cometa	     6.990	     5.356	     5.689
comida	     6.794	     5.279	     5.688
comodidad	     7.579	     5.560	     5.788
compañero	     7.377	     5.860	     5.491
compasión	     3.881	     4.290	     4.542
complejo	     2.685	     5.881	     3.715
complicación	     2.321	     6.299	     3.392
compositor	     6.745	     5.202	     5.594
compositora	     6.735	     5.397	     5.813
comprometido	     6.034	     5.287	     5.116
compromiso	     5.843	     5.591	     4.883
comunidad	     5.748	     5.263	     5.245
concentrado	     5.268	     4.680	     5.198
concesionario	     5.554	     5.013	     5.191
conciencia	     6.117	     5.535	     5.198
concurso	     6.715	     6.102	     5.060
conde	     3.836	     4.861	     4.718
condenado	     2.301	     6.157	     3.448
condesa	     4.220	     4.778	     4.806
condición	     3.509	     5.462	     3.969
condón	     5.687	     5.623	     4.994
conducto	     4.376	     5.113	     4.630
conductor	     5.900	     5.462	     5.084
conejito	     7.175	     5.195	     5.666
conejo	     6.914	     5.427	     5.622
conferencia	     5.248	     4.758	     5.172
confianza	     7.620	     6.419	     5.670
confort	     7.982	     6.019	     6.020
confuso	     2.586	     5.847	     3.717
conjunto	     5.962	     5.240	     5.308
conjuro	     4.641	     5.313	     4.783
conocimiento	     6.993	     5.431	     5.607
conquista	     5.759	     5.547	     4.978
consejo	     6.317	     5.882	     5.100
conserje	     4.841	     4.324	     5.044
considerado	     7.100	     5.680	     5.728
consigna	     5.218	     4.438	     5.160
consolado	     5.640	     4.834	     4.833
consolador	     6.375	     4.733	     5.565
conspiración	     2.332	     6.584	     3.479
contable	     4.821	     4.543	     4.986
contaminación	     2.189	     6.054	     3.854
contaminar	     1.658	     6.794	     3.262
contenedor	     2.559	     5.021	     4.356
contenido	     4.845	     4.348	     5.048
contexto	     4.819	     4.477	     5.049
contrariedad	     3.616	     5.681	     4.118
contrincante	     3.446	     5.991	     4.125
convencido	     6.345	     5.020	     5.451
convivir	     6.881	     6.146	     5.307
copa	     6.484	     5.071	     5.438
coqueto	     6.363	     5.411	     5.554
coral	     6.541	     4.886	     5.653
corazón	     6.628	     5.423	     5.095
corbata	     5.279	     4.342	     5.226
corcho	     5.057	     4.344	     5.220
cordero	     5.499	     4.467	     5.263
corona	     5.287	     5.246	     5.008
corrección	     4.754	     5.229	     4.897
corredor	     5.548	     4.782	     5.291
corredora	     5.970	     5.284	     5.378
correo	     5.768	     5.023	     5.187
corrupto	     1.909	     6.446	     3.869
corte	     2.973	     5.557	     3.787
cortesía	     6.814	     5.211	     5.842
corteza	     4.766	     4.413	     5.173
cortina	     4.925	     4.348	     5.108
costa	     7.733	     6.309	     5.792
costo	     4.409	     4.672	     4.861
costumbre	     5.859	     5.509	     5.064
cotilleo	     4.525	     5.046	     4.839
cotorra	     4.839	     4.631	     5.042
cráneo	     4.639	     4.504	     5.022
creación	     6.523	     5.313	     5.286
creatividad	     7.882	     6.417	     5.867
crecimiento	     6.992	     5.734	     5.401
creencia	     5.379	     5.358	     4.988
crepe	     6.916	     5.432	     5.731
crepúsculo	     5.776	     4.939	     4.919
criado	     3.491	     4.113	     4.607
criatura	     5.786	     5.575	     4.976
crimen	     1.897	     6.538	     3.359
criminal	     2.167	     6.469	     3.488
cristal	     4.782	     4.439	     5.053
criterio	     5.061	     5.037	     4.959
crucero	     7.354	     6.272	     5.534
crucificar	     1.933	     6.588	     3.388
crucifijo	     3.889	     5.051	     4.413
crucifixión	     2.119	     6.117	     3.471
cruel	     1.857	     6.665	     3.553
crueldad	     1.548	     6.940	     3.030
cruz	     4.108	     4.523	     4.791
cuaderno	     5.807	     5.048	     5.046
cuadrado	     4.833	     4.393	     5.128
cuadro	     6.266	     5.432	     5.267
cuarto	     5.646	     4.861	     5.111
cubo	     5.071	     4.248	     5.192
cuchara	     4.886	     4.387	     5.210
cuchillo	     2.939	     6.613	     3.486
cuenco	     4.786	     4.375	     5.116
cuerda	     4.851	     4.489	     5.062
cuerpo	     5.800	     4.927	     5.180
cuervo	     4.231	     4.872	     4.312
cuestión	     4.686	     4.474	     5.039
cueva	     3.712	     5.884	     3.728
culebra	     2.453	     6.101	     3.534
culpa	     2.158	     5.733	     3.468
culpabilidad	     2.166	     5.597	     3.552
culpable	     2.088	     6.088	     3.831
cumpleaños	     7.549	     5.876	     5.436
cura	     5.295	     5.408	     4.949
curación	     6.996	     5.834	     5.380
curandera	     5.688	     5.505	     4.988
curandero	     5.618	     5.487	     4.953
curar	     7.041	     6.100	     5.432
curioso	     5.772	     5.239	     5.101
curso	     5.981	     5.525	     5.014
daga	     2.947	     6.524	     3.579
dama	     5.754	     4.728	     5.241
daño	     1.807	     6.523	     3.266
dardo	     4.984	     5.215	     4.937
débil	     2.407	     5.721	     3.482
decadencia	     2.299	     5.396	     3.626
decepcionar	     1.810	     6.577	     3.336
declive	     2.289	     5.946	     3.387
decorador	     5.484	     4.514	     5.307
decorar	     7.547	     5.538	     5.912
dedicado	     6.277	     4.909	     5.317
dedo	     4.921	     4.338	     5.119
defecto	     2.230	     5.586	     3.766
defendido	     5.945	     5.399	     5.266
deforme	     2.369	     5.559	     3.472
degeneración	     2.186	     5.902	     3.639
degradación	     2.176	     6.026	     3.706
delantal	     5.358	     4.414	     5.249
deleite	     7.267	     5.653	     5.634
delicado	     5.387	     5.265	     4.592
delincuente	     2.264	     6.576	     3.522
delirio	     3.031	     6.271	     3.481
demente	     2.652	     5.642	     3.555
demonio	     2.209	     6.442	     3.522
dentista	     3.422	     6.004	     3.734
dependienta	     5.144	     4.436	     5.088
deportes	     6.767	     5.371	     5.848
deportista	     6.764	     5.664	     5.495
depresión	     1.743	     5.115	     3.175
deprimido	     1.766	     5.138	     3.263
derecha	     4.704	     4.471	     5.001
desafío	     5.302	     5.879	     4.558
desagrado	     2.413	     5.503	     4.262
desagüe	     2.362	     5.077	     4.338
desahogo	     5.880	     5.497	     5.114
desanimado	     2.644	     4.892	     3.785
desánimo	     1.995	     5.147	     3.497
desaparecer	     2.145	     5.922	     3.262
desaparición	     1.654	     6.278	     2.838
desastre	     2.111	     6.042	     3.264
desatascador	     2.989	     4.872	     4.472
descanso	     7.654	     5.629	     5.874
descenso	     2.879	     6.297	     3.579
descomposición	     2.184	     5.284	     4.223
desconfianza	     2.133	     5.801	     3.572
desconsuelo	     2.053	     5.404	     3.572
descontento	     2.310	     5.601	     3.716
desdén	     3.368	     4.907	     4.524
desdeñoso	     3.441	     4.882	     4.504
desenfadado	     5.958	     5.108	     5.462
deseo	     7.761	     6.376	     5.751
desertor	     3.352	     5.229	     4.388
desesperado	     2.143	     5.795	     3.373
desgaste	     3.561	     4.337	     4.528
desigualdad	     1.838	     6.446	     3.644
desleal	     2.047	     6.397	     4.039
deslumbramiento	     4.954	     5.145	     4.913
desnudo	     5.638	     5.159	     5.337
desolación	     2.109	     5.441	     3.422
desordenado	     3.339	     4.804	     4.487
despedazar	     2.245	     5.969	     3.543
desperdicio	     2.553	     5.337	     4.257
despilfarro	     5.296	     5.651	     4.929
despreciar	     2.251	     5.936	     4.071
despreocupado	     5.566	     5.370	     5.141
destino	     5.817	     5.611	     4.798
destornillador	     4.692	     4.360	     5.107
destreza	     6.679	     5.316	     5.697
destrucción	     1.771	     6.311	     3.064
destruir	     1.835	     6.539	     3.306
desván	     4.887	     5.193	     4.328
desventaja	     2.479	     6.052	     3.652
desvestido	     5.633	     5.221	     5.297
desviación	     4.317	     4.946	     4.804
detalle	     6.671	     5.105	     5.706
detergente	     4.862	     4.310	     5.164
deterioro	     2.275	     5.660	     3.568
detestar	     2.676	     5.676	     4.312
deuda	     2.256	     6.030	     3.585
devoto	     4.238	     4.650	     4.776
diablo	     2.976	     6.402	     3.738
diadema	     5.486	     4.574	     5.301
diamante	     7.014	     5.161	     5.648
diario	     6.096	     5.122	     5.034
diccionario	     4.841	     4.310	     5.186
dicha	     7.053	     5.598	     5.678
dictador	     1.811	     6.667	     3.515
diente	     4.690	     4.655	     4.916
dieta	     4.414	     4.777	     4.821
diferencia	     4.853	     5.027	     4.770
dificultar	     2.491	     6.135	     3.636
difunto	     1.659	     5.606	     3.017
difusión	     4.457	     4.956	     4.766
dignidad	     6.231	     5.559	     5.227
digno	     6.957	     5.388	     5.585
dinámica	     6.339	     4.851	     5.373
dinero	     6.745	     5.873	     5.247
dios	     5.019	     4.978	     4.933
diosa	     6.284	     5.306	     5.401
diploma	     7.133	     5.851	     5.762
diputada	     2.669	     5.676	     4.318
director	     4.111	     5.262	     4.578
directora	     5.513	     5.657	     5.037
disco	     7.328	     5.205	     5.665
discusión	     2.234	     6.149	     3.849
diseñador	     5.646	     4.583	     5.302
diseñadora	     6.844	     5.077	     5.924
diseño	     5.910	     5.383	     5.351
disertación	     3.783	     5.188	     4.312
disgustado	     2.337	     5.473	     3.723
disgusto	     1.783	     6.133	     3.299
disminución	     3.450	     5.122	     4.231
disminuido	     3.548	     4.425	     4.158
disparate	     5.568	     5.387	     4.981
distante	     2.244	     5.384	     3.505
distorsión	     3.204	     5.860	     3.790
distrito	     5.010	     4.569	     5.100
disturbio	     3.042	     6.282	     3.731
diversión	     7.951	     6.414	     5.907
divinidad	     5.409	     5.601	     5.033
división	     3.616	     4.638	     4.480
divorciado	     3.038	     4.448	     3.994
divorcio	     1.715	     5.936	     3.152
doctor	     5.213	     5.291	     4.616
doctora	     5.668	     5.490	     4.949
documento	     5.015	     4.229	     5.203
dólar	     6.058	     5.494	     5.317
dolencia	     2.141	     5.693	     3.433
dolor	     1.827	     6.056	     3.092
dorada	     6.352	     5.132	     5.471
dormir	     6.922	     5.043	     5.501
dormitorio	     6.777	     5.325	     5.300
dramatismo	     2.627	     5.302	     3.756
drogadicta	     2.219	     5.635	     3.537
dromedario	     5.762	     5.334	     5.043
duda	     2.443	     6.464	     3.485
dudar	     2.564	     6.434	     3.413
duelo	     2.942	     6.464	     3.743
dureza	     3.685	     4.919	     4.412
duro	     3.953	     4.939	     4.615
echar	     3.454	     4.902	     4.439
ecologista	     7.136	     5.187	     5.527
edificio	     4.972	     4.299	     5.092
editora	     6.019	     5.507	     5.172
educación	     6.876	     6.001	     5.318
educador	     6.096	     5.522	     5.373
educadora	     6.509	     4.861	     5.733
efectividad	     6.981	     5.341	     5.651
efectivo	     6.562	     4.854	     5.564
efecto	     5.326	     5.242	     4.873
egoísmo	     2.288	     5.988	     4.103
egoísta	     2.189	     5.992	     4.085
ejecución	     1.844	     6.587	     3.194
ejecutivo	     4.807	     4.807	     4.987
ejemplar	     5.380	     4.400	     5.334
ejemplo	     5.206	     4.432	     5.145
ejercicio	     6.923	     5.572	     5.794
ejército	     2.832	     6.380	     3.688
electricidad	     5.561	     5.562	     4.824
electrodoméstico	     4.808	     4.431	     5.172
elefante	     6.123	     5.223	     5.249
elegante	     6.867	     5.716	     5.730
eliminación	     2.486	     5.921	     3.503
elogio	     7.368	     6.183	     5.512
embajada	     5.081	     4.564	     5.093
embarazada	     7.201	     5.978	     5.206
embarazo	     6.782	     6.094	     5.018
emoción	     6.428	     5.994	     5.140
emperador	     3.738	     4.991	     4.564
emperatriz	     5.325	     4.363	     5.304
empleo	     7.277	     6.208	     5.344
empresaria	     5.565	     5.198	     4.974
empresario	     4.880	     4.864	     5.066
enamorado	     7.888	     6.508	     5.786
encaje	     5.758	     5.122	     5.372
encanto	     7.102	     5.106	     5.652
encargado	     5.150	     4.878	     5.092
enchufe	     4.306	     4.892	     4.768
encuentro	     6.893	     5.961	     5.245
enemigo	     2.100	     6.318	     4.053
enérgico	     7.514	     6.287	     5.736
enfadado	     2.182	     6.452	     3.806
enfado	     2.067	     6.619	     3.776
enfermedad	     1.698	     6.406	     3.015
enfermera	     6.088	     5.323	     5.145
enfermero	     5.201	     5.310	     4.401
enfermo	     1.713	     5.340	     3.116
enfurecido	     2.146	     6.731	     3.649
engaño	     1.769	     6.626	     3.563
engreído	     2.534	     5.471	     4.275
enigma	     5.523	     5.551	     4.778
enmienda	     5.226	     4.506	     5.158
enredo	     3.388	     4.874	     4.427
ensalada	     5.914	     4.875	     5.411
enterrador	     2.594	     5.587	     3.516
entierro	     1.591	     6.170	     2.839
entorno	     5.278	     5.346	     4.958
entrometido	     3.340	     5.275	     4.442
entusiasmo	     7.783	     6.486	     5.719
episodio	     6.293	     5.383	     5.272
época	     4.913	     4.942	     4.681
erección	     6.991	     5.368	     5.588
erizo	     5.904	     4.872	     5.370
erótico	     6.849	     5.271	     5.717
error	     2.259	     6.038	     3.544
erudito	     6.388	     5.315	     5.547
escala	     4.720	     4.357	     5.132
escándalo	     2.998	     6.382	     3.974
escaparate	     5.919	     4.962	     5.442
escarabajo	     3.284	     5.264	     4.296
escasez	     1.968	     5.694	     3.302
escena	     5.752	     5.418	     4.956
escenario	     6.242	     5.269	     5.298
escéptico	     4.139	     4.964	     4.742
esclavo	     1.889	     6.114	     3.475
escoba	     4.656	     4.334	     5.103
esconder	     3.652	     5.014	     4.308
escopeta	     2.257	     6.644	     3.433
escorbuto	     2.712	     5.429	     3.743
escoria	     2.606	     5.483	     4.328
escorpión	     2.388	     6.133	     3.429
escote	     5.265	     4.310	     5.321
escritor	     5.934	     4.975	     5.070
escritora	     6.772	     5.061	     5.539
escudo	     4.851	     5.163	     4.778
escuela	     6.218	     5.429	     5.214
escultor	     6.148	     4.890	     5.316
escultora	     5.895	     4.874	     5.373
esfera	     4.981	     4.397	     5.086
esfuerzo	     6.857	     5.917	     5.286
espacio	     5.778	     5.365	     4.679
espada	     2.502	     6.648	     3.523
espanto	     2.478	     6.498	     3.585
espantoso	     2.350	     5.833	     3.481
esparadrapo	     3.994	     4.532	     4.735
esperanza	     7.843	     5.701	     5.987
esperanzado	     7.324	     6.138	     5.461
espina	     3.739	     4.853	     4.502
espíritu	     4.078	     5.683	     3.885
esposa	     6.188	     5.093	     5.418
esposo	     6.560	     5.039	     5.485
espuma	     5.146	     4.344	     5.214
esqueleto	     3.448	     5.013	     4.174
esquina	     4.466	     4.587	     4.843
estado	     3.932	     5.318	     4.564
estafador	     1.829	     6.596	     3.668
estallido	     2.986	     6.599	     3.451
estancado	     2.323	     5.934	     3.700
estantería	     5.082	     4.284	     5.155
estatua	     5.464	     4.599	     5.289
esterilla	     5.493	     4.639	     5.217
estiércol	     2.048	     5.226	     4.275
estilista	     6.017	     5.563	     5.235
estilo	     6.498	     4.962	     5.569
estimulación	     6.258	     5.436	     5.311
estímulo	     5.598	     5.404	     4.948
estómago	     4.336	     4.709	     4.760
estrella	     6.528	     4.792	     5.540
estremecerse	     3.494	     5.663	     3.623
estrés	     2.212	     6.189	     3.456
estuche	     4.848	     4.361	     5.185
estufa	     5.831	     5.072	     5.098
estúpido	     2.502	     5.647	     4.233
eternidad	     7.073	     6.123	     5.252
ética	     5.807	     5.492	     5.109
etiqueta	     3.894	     5.391	     4.633
eufórico	     7.749	     6.450	     5.780
evolución	     6.238	     5.829	     5.038
excelencia	     7.021	     6.083	     5.430
exceso	     4.489	     5.052	     4.521
excitado	     6.844	     6.166	     5.411
exclusión	     1.863	     6.424	     3.335
excusa	     3.506	     5.285	     4.531
exhibición	     6.143	     4.978	     5.358
exigencia	     4.041	     5.729	     4.553
exilio	     1.859	     6.054	     3.170
éxito	     7.678	     6.511	     5.684
explotación	     1.942	     6.329	     3.882
explotador	     1.829	     6.596	     3.668
exquisito	     7.131	     5.249	     5.497
éxtasis	     6.878	     6.060	     5.455
exterior	     7.202	     5.773	     5.653
extinción	     1.808	     6.416	     3.154
extrañeza	     2.358	     5.618	     3.515
extraordinario	     7.682	     5.798	     5.761
extraterrestre	     3.623	     5.952	     3.792
fábrica	     4.584	     4.576	     4.953
facha	     2.398	     5.607	     4.212
fácil	     6.704	     4.972	     5.721
facilidad	     6.420	     5.594	     5.121
facultad	     6.224	     5.599	     5.143
faisán	     5.172	     5.154	     4.848
faja	     4.741	     4.441	     5.047
falda	     6.249	     5.151	     5.326
falso	     2.268	     5.876	     4.038
fama	     6.302	     5.788	     5.097
famélico	     2.329	     5.411	     3.531
familia	     7.693	     6.155	     5.624
famosa	     5.456	     5.506	     4.864
famoso	     5.507	     5.093	     5.018
fantasía	     7.309	     6.366	     5.497
farmacéutica	     4.702	     5.112	     4.785
faro	     5.727	     5.013	     4.946
farol	     3.673	     5.015	     4.596
fascinación	     6.939	     5.135	     5.756
fascinante	     7.362	     5.573	     5.671
fascinar	     7.302	     6.208	     5.477
fase	     5.141	     5.251	     4.863
fastidiar	     2.517	     6.063	     4.202
fatalidad	     1.758	     5.927	     3.041
fatigado	     3.108	     4.342	     4.394
favor	     6.557	     4.855	     5.748
faz	     5.019	     4.367	     5.188
fealdad	     3.284	     4.431	     4.450
feliz	     8.032	     6.178	     5.961
felpudo	     4.966	     4.363	     5.249
feo	     3.126	     4.225	     4.396
festivo	     8.051	     6.201	     5.952
fétido	     1.990	     5.509	     4.116
fiebre	     2.666	     5.571	     3.610
firma	     5.667	     5.448	     5.127
firmamento	     6.000	     5.284	     5.275
flamenco	     6.340	     5.011	     5.545
flecha	     2.937	     6.478	     3.511
flemón	     2.056	     5.373	     4.201
flexible	     6.252	     4.983	     5.463
flor	     7.338	     5.366	     5.643
florecer	     7.548	     5.601	     5.846
foca	     6.772	     5.322	     5.634
foco	     5.033	     4.478	     5.067
fofo	     4.744	     4.412	     5.047
folleto	     4.719	     4.383	     5.157
follón	     2.777	     6.507	     3.679
fontanero	     4.788	     4.346	     5.161
forastero	     5.309	     4.524	     5.231
fortuito	     6.006	     5.260	     5.074
fotógrafa	     6.439	     4.952	     5.448
fotógrafo	     6.471	     5.028	     5.535
fracaso	     1.742	     6.284	     3.080
fracción	     4.678	     4.357	     5.051
fragancia	     6.523	     4.838	     5.617
fragilidad	     2.364	     6.218	     3.394
fraude	     1.824	     6.538	     3.746
fregona	     4.066	     4.477	     4.808
frialdad	     2.700	     5.386	     3.884
frío	     3.454	     4.221	     4.478
frustración	     1.863	     6.439	     3.281
frustrado	     2.287	     5.775	     3.600
fruto	     6.636	     4.869	     5.594
fuego	     2.881	     6.711	     3.401
fuerte	     5.974	     5.460	     5.256
fuerza	     6.306	     5.768	     5.089
fugitivo	     2.877	     6.548	     3.471
función	     5.229	     5.208	     4.956
funeral	     1.744	     5.096	     3.251
furcia	     2.748	     5.278	     4.258
furgoneta	     5.268	     5.299	     4.838
fusil	     1.963	     6.597	     3.292
fútbol	     5.902	     5.583	     5.187
futbolista	     5.613	     5.542	     5.006
futuro	     6.734	     6.037	     5.069
gabardina	     5.177	     4.341	     5.318
gacela	     5.828	     5.181	     5.329
gafas	     5.047	     4.236	     5.173
galardón	     7.472	     6.304	     5.578
gallina	     3.841	     5.259	     4.277
gamberro	     2.543	     5.934	     4.033
ganado	     5.664	     5.442	     5.003
ganadora	     7.548	     6.501	     5.546
ganancias	     7.472	     5.928	     5.655
ganar	     7.734	     6.203	     5.733
gangrena	     1.989	     6.432	     3.404
ganso	     5.004	     4.626	     5.108
garfio	     4.226	     5.031	     4.382
garrapata	     2.225	     5.670	     3.707
garrote	     3.495	     5.038	     4.342
garza	     5.479	     4.831	     5.398
gatito	     7.384	     5.957	     5.647
gato	     6.839	     5.222	     5.525
gaviota	     3.785	     5.316	     4.456
gélido	     4.202	     4.452	     4.817
gemido	     6.051	     5.646	     5.205
género	     4.794	     4.443	     5.003
generoso	     7.761	     6.321	     5.724
genial	     8.001	     6.166	     5.963
genialidad	     7.346	     5.784	     5.687
genio	     6.917	     5.440	     5.730
gente	     5.962	     5.631	     5.179
gerente	     4.208	     5.124	     4.618
gérmenes	     2.378	     5.769	     3.663
gestión	     4.511	     4.636	     4.909
gimnasio	     6.072	     5.549	     5.309
gimnasta	     6.043	     5.327	     5.376
glaciar	     5.447	     5.223	     4.782
glamour	     6.210	     5.268	     5.419
globo	     6.901	     5.301	     5.688
gloria	     7.334	     5.753	     5.666
gobernador	     2.606	     5.819	     3.970
goce	     8.008	     6.275	     5.941
golfista	     4.776	     4.381	     5.178
golfo	     3.983	     4.736	     4.755
golondrina	     6.363	     5.038	     5.453
golpe	     2.318	     6.249	     3.588
goma	     4.832	     4.381	     5.172
góndola	     6.683	     4.702	     5.574
gordo	     3.545	     4.235	     4.567
gorila	     5.826	     5.624	     4.860
gorra	     5.320	     4.397	     5.264
gorrión	     6.568	     5.052	     5.533
gorro	     5.612	     4.572	     5.398
gota	     4.761	     4.386	     5.018
gozar	     7.654	     6.391	     5.602
grado	     5.569	     5.434	     4.861
graduada	     8.103	     6.760	     5.979
graduado	     7.818	     6.481	     5.738
granada	     2.554	     6.572	     3.529
granja	     5.748	     5.342	     5.367
granjero	     5.482	     4.651	     5.187
grano	     2.697	     5.227	     4.282
grapadora	     4.777	     4.422	     5.142
grave	     1.759	     6.311	     2.894
grieta	     3.304	     5.892	     3.811
grillo	     5.089	     4.716	     5.096
grito	     2.904	     6.594	     3.649
grosero	     2.200	     5.848	     4.150
guadaña	     3.268	     6.222	     3.624
guante	     5.305	     4.377	     5.201
guantes	     5.353	     4.394	     5.287
guapa	     7.442	     5.769	     5.747
guapo	     7.259	     5.663	     5.613
guardaespaldas	     4.147	     4.944	     4.631
guardería	     7.019	     5.603	     5.705
guardia	     4.198	     5.137	     4.661
guardián	     5.718	     5.299	     5.201
guerra	     1.556	     6.898	     2.849
guerrero	     3.034	     6.428	     3.799
guillotina	     1.823	     6.594	     3.107
guiño	     6.791	     5.324	     5.671
guión	     6.163	     5.458	     5.158
gusano	     2.469	     5.425	     3.924
habilidad	     6.998	     5.528	     5.659
habitación	     6.064	     5.119	     5.389
habitante	     5.478	     4.703	     5.262
hábito	     5.103	     4.240	     5.205
hacha	     3.052	     6.511	     3.704
hada	     6.531	     5.151	     5.507
halcón	     5.627	     5.411	     4.736
hallazgo	     7.017	     5.796	     5.422
hamaca	     7.342	     5.443	     5.714
hambriento	     2.569	     5.584	     3.718
hamburguesa	     6.776	     5.501	     5.437
hámster	     5.519	     5.286	     5.103
harto	     3.187	     5.256	     4.493
hastío	     3.749	     4.619	     4.626
hechicero	     5.382	     5.456	     4.823
hedor	     2.186	     5.194	     4.257
heno	     4.638	     4.369	     5.141
heridas	     2.361	     5.537	     3.527
herido	     1.948	     5.324	     3.258
hermana	     7.486	     6.018	     5.757
hermano	     7.818	     6.299	     5.938
hermoso	     7.780	     6.391	     5.728
héroe	     7.308	     6.130	     5.729
heroína	     2.298	     6.097	     3.753
heroísmo	     6.090	     5.653	     5.204
herramienta	     5.211	     4.989	     5.083
herrero	     4.779	     4.393	     5.169
hervir	     4.707	     4.538	     5.059
hidalguía	     5.144	     4.757	     5.057
hielo	     5.408	     4.471	     5.318
hiena	     3.445	     6.231	     3.669
hierro	     4.753	     4.379	     5.163
hija	     7.059	     6.109	     5.223
hijo	     7.803	     6.396	     5.808
hipopótamo	     5.863	     5.703	     4.944
historia	     5.230	     5.082	     4.938
hogar	     7.677	     6.224	     5.550
hoguera	     5.936	     5.519	     4.844
hoja	     5.588	     4.608	     5.161
holgazán	     3.028	     5.004	     4.498
hombre	     5.896	     5.566	     5.134
homenaje	     6.888	     5.072	     5.171
homicida	     1.816	     6.679	     3.143
homicidio	     1.549	     6.938	     2.816
honesto	     7.143	     5.570	     5.699
hongo	     2.289	     5.521	     3.817
honor	     6.995	     6.182	     5.391
honradez	     8.006	     6.259	     5.952
horca	     2.333	     5.961	     3.616
hormiga	     4.656	     4.364	     5.169
hormigueo	     5.491	     5.607	     4.904
hormiguero	     4.391	     4.701	     4.741
hornear	     5.731	     4.818	     5.307
horquilla	     5.471	     4.569	     5.305
horror	     2.303	     6.788	     3.058
hospital	     2.479	     5.507	     3.619
hostil	     2.159	     6.064	     3.538
hotel	     6.531	     4.961	     5.491
huerto	     6.421	     4.682	     5.429
huevo	     5.323	     4.398	     5.219
humanidad	     7.148	     6.103	     5.317
humanismo	     6.244	     5.379	     5.287
humano	     6.207	     5.419	     5.168
humilde	     6.801	     4.763	     5.333
humillar	     1.762	     6.667	     3.654
humor	     7.756	     6.359	     5.848
hurgar	     3.073	     5.192	     4.092
idea	     7.163	     5.864	     5.751
idealismo	     4.909	     5.277	     4.897
identidad	     6.181	     5.253	     5.177
idiota	     2.712	     5.670	     4.226
ídolo	     6.923	     5.626	     5.647
iglesia	     4.003	     4.746	     4.739
ignorancia	     2.189	     5.809	     3.532
iguana	     4.781	     4.931	     4.855
imagen	     5.407	     5.310	     4.914
imaginar	     7.207	     6.134	     5.427
imán	     5.113	     4.334	     5.246
imparcial	     4.859	     4.485	     4.998
impermeable	     5.124	     4.331	     5.273
importación	     5.386	     4.619	     5.239
impotencia	     2.126	     6.125	     3.507
impotente	     2.356	     5.795	     3.751
impresionado	     6.511	     5.332	     5.311
impresora	     4.739	     4.345	     5.086
impureza	     3.175	     4.977	     4.269
incapacidad	     1.837	     5.980	     3.087
incendio	     1.966	     6.403	     2.900
incentivo	     7.152	     5.201	     5.672
incomodidad	     2.491	     5.771	     3.827
incordio	     3.246	     5.331	     4.456
incremento	     5.564	     5.336	     4.889
indecisión	     2.762	     6.392	     3.637
indefenso	     2.188	     5.963	     3.315
indicio	     4.712	     5.369	     4.506
indiferente	     3.504	     4.553	     4.503
indio	     5.346	     4.417	     5.250
industria	     4.206	     5.234	     4.723
infanta	     4.163	     4.672	     4.838
infección	     2.312	     6.035	     3.437
infeliz	     1.783	     5.156	     3.288
inferior	     2.238	     5.709	     3.449
inferioridad	     1.931	     6.027	     3.301
infiel	     1.878	     6.452	     3.757
infierno	     2.199	     6.591	     3.477
infinito	     5.267	     5.493	     4.462
inflación	     2.922	     5.284	     4.157
información	     6.117	     5.535	     5.198
informática	     5.149	     4.668	     5.184
informático	     5.189	     4.278	     5.338
informe	     3.870	     4.984	     4.611
ingeniero	     5.651	     4.717	     5.308
ingenio	     7.284	     6.232	     5.756
ingrediente	     5.854	     5.449	     5.373
ingresar	     3.669	     5.544	     3.787
ingreso	     5.943	     5.375	     4.899
inmaduro	     3.247	     5.114	     4.372
inmensidad	     5.116	     5.429	     4.430
inmoral	     2.321	     5.704	     4.121
innovación	     7.046	     5.842	     5.440
inocente	     5.636	     4.694	     5.151
inodoro	     4.034	     4.581	     4.873
inquieto	     5.112	     5.043	     5.038
insecto	     3.368	     5.368	     4.149
inseguridad	     1.935	     6.093	     3.148
inseguro	     2.426	     6.258	     3.374
insolente	     2.455	     5.731	     4.259
insomnio	     2.132	     5.974	     3.554
inspiración	     7.290	     6.019	     5.649
inspirado	     7.087	     5.692	     5.541
inspirar	     6.627	     5.254	     5.484
instancia	     4.702	     4.373	     5.139
instante	     5.819	     4.896	     5.238
institución	     3.703	     5.044	     4.462
instituto	     6.378	     5.064	     5.243
insulto	     1.936	     6.332	     3.921
intelecto	     6.956	     5.222	     5.847
intelectual	     6.060	     5.469	     5.369
intensidad	     5.957	     5.726	     5.047
interés	     6.169	     5.458	     5.438
interrupción	     3.376	     5.322	     4.474
íntimo	     6.634	     5.227	     5.288
intruso	     2.841	     6.736	     3.478
inundación	     1.912	     5.933	     3.068
inútil	     2.504	     5.528	     3.941
inválido	     2.376	     4.957	     3.670
invasión	     2.081	     6.572	     3.347
invasor	     2.319	     6.601	     3.551
invernadero	     5.623	     4.741	     5.069
invertir	     5.697	     5.658	     4.772
investigador	     6.696	     4.996	     5.648
investigadora	     6.252	     5.195	     5.525
invitación	     7.142	     5.557	     5.842
invitada	     6.706	     5.162	     5.486
inyección	     2.962	     5.628	     3.607
irritación	     2.781	     5.836	     4.327
irritar	     2.281	     6.104	     4.142
jabalí	     3.438	     6.249	     3.597
jaqueca	     2.247	     5.948	     3.612
jardín	     7.042	     5.123	     5.667
jardinero	     5.200	     4.287	     5.249
jarra	     5.122	     4.262	     5.227
jefe	     3.951	     5.336	     4.506
jerarquía	     2.524	     5.510	     4.269
jeringa	     2.924	     5.577	     3.615
jersey	     5.817	     4.878	     5.303
jirafa	     6.676	     5.503	     5.142
jornalera	     4.878	     4.393	     5.033
joven	     7.237	     6.195	     5.767
jovial	     7.407	     5.227	     5.824
joya	     6.882	     5.188	     5.848
jubilado	     5.697	     4.635	     4.922
júbilo	     7.795	     6.327	     5.739
jubiloso	     6.913	     5.393	     5.717
juego	     7.348	     6.203	     5.694
juez	     4.904	     4.828	     5.061
jugo	     5.535	     4.935	     5.311
juguete	     7.333	     5.861	     5.624
justicia	     6.614	     5.876	     5.201
juventud	     7.064	     6.097	     5.502
ketchup	     5.482	     4.522	     5.373
koala	     6.893	     5.419	     5.433
laberinto	     2.953	     6.528	     3.570
laboratorio	     5.084	     4.916	     5.048
lado	     4.633	     4.478	     4.971
ladrillo	     4.563	     4.506	     5.059
ladrón	     1.966	     6.669	     3.351
ladrona	     2.075	     6.590	     3.444
lagartija	     3.878	     5.111	     4.488
lagarto	     4.189	     4.661	     4.771
lago	     6.968	     5.293	     5.585
lágrima	     2.438	     5.238	     3.707
lamento	     2.063	     4.910	     3.494
lámpara	     5.487	     4.675	     5.242
lancha	     6.099	     5.096	     5.267
lánguido	     3.266	     4.212	     4.287
lanza	     3.293	     6.094	     4.079
lástima	     1.977	     5.059	     3.444
lata	     4.926	     4.393	     5.083
latido	     6.772	     5.742	     5.254
látigo	     2.974	     6.436	     3.739
lavabo	     4.704	     4.397	     5.159
leal	     7.295	     6.098	     5.683
leche	     5.426	     4.548	     5.226
lechera	     5.511	     4.933	     5.190
lechero	     5.338	     4.341	     5.335
lechuza	     5.668	     5.361	     4.814
legalidad	     5.324	     5.551	     4.926
lejos	     2.106	     5.777	     3.305
lentilla	     5.036	     5.016	     4.875
lento	     3.532	     4.931	     4.547
leñador	     5.059	     4.386	     5.208
león	     5.796	     5.817	     4.842
leopardo	     5.096	     6.120	     4.166
lepra	     2.075	     5.967	     3.400
lesbiana	     5.311	     4.331	     5.279
lesión	     2.217	     5.729	     3.353
letra	     6.456	     5.073	     5.312
leyenda	     5.936	     5.393	     4.867
libélula	     4.800	     4.872	     4.831
liberación	     7.690	     6.466	     5.644
liberar	     7.591	     6.418	     5.552
libertad	     7.955	     6.586	     5.874
libre	     7.739	     6.389	     5.723
librería	     6.936	     5.051	     5.852
libreta	     5.196	     4.324	     5.249
libro	     6.834	     5.374	     5.388
licenciada	     7.255	     5.472	     5.687
licenciado	     7.423	     6.468	     5.639
líder	     5.401	     5.169	     4.932
liebre	     5.799	     5.518	     5.231
liga	     5.218	     4.468	     5.092
lija	     4.726	     4.377	     5.103
lima	     5.122	     4.709	     5.003
limón	     5.449	     4.534	     5.384
limpiador	     5.292	     4.292	     5.197
lince	     5.839	     5.376	     4.894
linterna	     5.183	     4.456	     5.264
lío	     4.469	     5.474	     4.692
lira	     5.677	     4.622	     4.975
liso	     5.330	     4.412	     5.211
lista	     5.864	     5.650	     5.098
litro	     5.056	     4.256	     5.209
llama	     5.144	     5.464	     4.487
llamada	     6.454	     5.562	     5.289
llano	     4.991	     4.244	     5.171
llave	     5.850	     4.968	     5.297
lloriqueo	     2.251	     5.600	     3.551
llovizna	     5.167	     4.650	     4.755
lluvia	     4.657	     4.516	     4.690
lobo	     3.384	     6.652	     3.559
lóbrego	     3.356	     5.290	     3.756
loca	     2.926	     6.295	     3.563
local	     5.435	     5.034	     5.074
loco	     2.962	     6.200	     3.486
logro	     7.895	     6.488	     5.722
lombriz	     2.415	     5.069	     4.316
loro	     6.858	     5.178	     5.694
lotería	     7.298	     5.937	     5.451
lucha	     2.705	     6.415	     3.812
luchador	     5.444	     5.296	     4.963
luciérnaga	     5.561	     5.245	     5.171
ludópata	     3.257	     5.266	     4.182
lugar	     5.654	     5.200	     4.922
lujo	     6.807	     5.782	     5.531
lujuria	     5.956	     5.542	     5.231
lunar	     5.052	     4.324	     5.170
machete	     2.897	     6.567	     3.446
machista	     1.913	     6.394	     3.911
madrastra	     2.483	     5.627	     3.787
maduración	     6.391	     5.374	     5.156
maestra	     6.156	     5.626	     4.983
maestro	     5.991	     5.352	     5.238
mafioso	     2.324	     6.461	     3.539
magdalena	     6.446	     4.803	     5.474
mágico	     7.054	     5.977	     5.415
magistral	     5.349	     4.414	     5.212
mago	     7.067	     5.154	     5.873
maíz	     5.504	     4.769	     5.216
malabarista	     6.345	     4.924	     5.417
malaria	     1.702	     6.387	     2.936
maldad	     1.931	     6.647	     3.503
maldición	     2.034	     6.663	     3.184
maldito	     2.605	     6.459	     3.621
maleducado	     2.433	     5.784	     4.251
maleficio	     2.846	     6.243	     3.677
maleta	     6.593	     5.259	     5.131
maletero	     4.727	     4.418	     5.123
malicia	     1.984	     6.597	     3.476
maltrato	     1.511	     7.048	     2.972
malvado	     2.190	     6.486	     3.387
manejo	     5.118	     5.024	     5.081
manera	     4.919	     4.355	     5.164
manga	     5.105	     4.281	     5.182
mango	     6.603	     5.168	     5.602
manguera	     5.175	     4.356	     5.108
maníaco	     3.004	     6.135	     3.649
manicomio	     1.996	     5.890	     3.190
maniquí	     4.559	     4.514	     5.095
mano	     5.667	     5.512	     5.201
manosear	     2.623	     5.308	     4.111
manso	     5.082	     4.254	     5.189
manta	     6.858	     4.964	     5.299
mantel	     5.031	     4.258	     5.140
mantequilla	     5.482	     4.522	     5.373
manto	     5.203	     4.520	     5.124
manual	     5.251	     4.625	     5.120
manuscrito	     5.171	     4.402	     5.169
manzana	     6.405	     4.773	     5.466
mapache	     5.863	     5.518	     4.847
maquillaje	     6.116	     5.161	     5.562
máquina	     4.809	     4.398	     5.161
maquinilla	     4.665	     4.368	     5.151
maravilla	     7.788	     5.474	     5.947
marca	     5.009	     4.391	     4.965
marco	     5.046	     4.209	     5.101
mareado	     2.951	     5.297	     3.652
margen	     4.663	     4.383	     5.101
marido	     6.290	     5.407	     5.101
mariposa	     6.264	     5.311	     5.368
mariquita	     6.569	     5.183	     5.566
marqués	     3.553	     5.197	     4.601
martillo	     4.596	     4.546	     5.031
mártir	     2.492	     5.257	     3.656
masacre	     1.471	     7.050	     2.818
masajista	     7.094	     5.731	     5.638
máscara	     4.863	     5.436	     4.876
mascota	     7.243	     5.573	     5.570
masturbación	     6.430	     5.346	     5.319
masturbarse	     6.540	     5.181	     5.642
matanza	     1.647	     6.941	     3.164
mate	     5.391	     4.666	     5.252
matemático	     5.027	     4.233	     5.204
materia	     4.693	     4.624	     4.959
material	     4.918	     4.362	     5.048
maternidad	     7.193	     6.259	     5.200
matrimonio	     6.734	     6.037	     5.069
mayordomo	     4.590	     4.271	     5.011
mecánica	     4.588	     4.654	     4.894
mecanismo	     4.733	     4.646	     5.019
mecedora	     5.584	     4.491	     5.063
mechero	     4.544	     5.088	     4.712
mechón	     5.158	     4.373	     5.188
media	     4.704	     4.579	     4.951
medicina	     5.397	     5.309	     4.799
médico	     3.738	     5.672	     3.846
medusa	     2.532	     6.101	     3.514
mejillón	     4.986	     4.347	     5.290
mejorar	     7.701	     6.400	     5.763
melena	     6.818	     4.726	     5.726
melodía	     7.385	     5.586	     5.397
memoria	     6.393	     5.349	     5.155
mendigo	     2.348	     4.903	     3.689
menosprecio	     2.230	     5.975	     4.068
mensaje	     6.107	     5.349	     5.284
mensajero	     5.955	     5.039	     5.141
menstruación	     3.615	     5.187	     4.617
mente	     6.212	     5.603	     5.124
mentira	     2.008	     6.332	     4.008
mentón	     4.814	     4.316	     5.107
mercader	     5.022	     4.341	     5.182
mercado	     6.111	     5.765	     5.446
mercenario	     3.111	     5.992	     3.903
mérito	     8.027	     6.546	     5.908
mermelada	     6.442	     5.027	     5.618
mero	     4.539	     4.372	     5.088
mes	     4.816	     4.362	     5.162
mesa	     5.251	     4.414	     5.156
metal	     4.586	     4.681	     4.963
método	     5.102	     4.339	     5.159
mezquita	     4.133	     5.060	     4.711
micrófono	     5.574	     4.699	     5.316
microscopio	     5.439	     4.566	     5.279
miedo	     2.431	     6.750	     3.039
miedoso	     3.014	     5.994	     3.485
miel	     6.558	     4.762	     5.687
miembro	     5.142	     4.279	     5.205
milagro	     6.784	     5.721	     5.296
militar	     4.168	     5.461	     4.128
millonaria	     5.743	     5.684	     5.115
millonario	     6.481	     5.744	     5.278
mimo	     6.885	     5.554	     5.505
mina	     2.854	     6.252	     3.472
minifalda	     6.153	     5.279	     5.392
ministra	     3.356	     5.308	     4.492
ministro	     2.433	     5.784	     4.251
miseria	     1.662	     5.787	     3.010
misil	     1.578	     6.996	     2.851
misionero	     6.149	     4.874	     5.262
misterio	     4.442	     5.992	     4.213
místico	     5.731	     5.402	     4.804
mochila	     5.484	     4.322	     5.292
moco	     2.250	     5.134	     4.310
modesto	     6.399	     4.993	     5.443
modista	     6.212	     5.173	     5.527
mofeta	     2.798	     5.438	     4.032
moho	     2.147	     5.379	     4.136
molde	     4.801	     4.417	     5.179
molestar	     2.553	     6.044	     4.230
molestia	     2.574	     5.729	     3.755
molino	     5.127	     4.347	     5.306
momento	     5.863	     5.506	     5.034
mona	     6.434	     4.891	     5.325
monarquía	     3.162	     5.135	     4.496
monasterio	     3.533	     5.351	     3.906
moneda	     5.996	     5.401	     5.400
monedero	     5.507	     4.537	     5.290
monitor	     5.715	     5.207	     5.313
monja	     4.672	     4.333	     5.056
monje	     3.774	     4.924	     4.602
mono	     5.861	     5.244	     5.043
montaje	     4.507	     4.883	     4.859
montaña	     6.104	     5.332	     5.117
montón	     4.796	     4.863	     4.883
monumento	     6.111	     5.102	     5.321
moño	     5.419	     4.491	     5.298
mora	     5.762	     4.969	     5.269
moral	     6.364	     5.198	     5.324
morboso	     5.419	     5.456	     4.965
mordisco	     3.961	     5.663	     4.427
morena	     5.560	     4.987	     5.291
morgue	     1.899	     5.809	     3.194
moribundo	     2.022	     5.382	     3.397
morsa	     5.905	     5.588	     5.061
mosca	     2.949	     5.168	     4.433
mosquito	     2.659	     5.426	     4.320
motivo	     5.301	     5.329	     4.729
moto	     6.106	     5.681	     5.074
motor	     4.944	     4.386	     5.159
motosierra	     2.710	     6.539	     3.623
móvil	     5.837	     5.481	     5.217
movilidad	     6.968	     5.448	     5.738
movimiento	     5.982	     5.346	     5.126
mucosidad	     2.456	     5.055	     4.327
mudo	     3.126	     4.343	     4.039
mueca	     4.700	     4.984	     4.831
muelle	     5.142	     4.261	     5.288
muerte	     1.586	     6.349	     2.718
muerto	     1.628	     5.807	     2.941
muestra	     4.702	     4.399	     5.177
mugre	     2.023	     5.440	     4.157
mujer	     6.582	     5.346	     5.319
muleta	     3.460	     4.650	     4.539
multa	     2.021	     6.597	     3.869
mundo	     6.909	     5.716	     5.373
municipio	     5.151	     4.293	     5.249
muñeca	     6.290	     5.099	     5.317
murciélago	     3.258	     5.597	     3.960
músculo	     5.180	     4.861	     5.066
musculoso	     5.174	     4.624	     5.083
museo	     6.631	     4.992	     5.462
música	     7.702	     5.890	     5.499
músico	     7.314	     5.586	     5.455
mutación	     3.479	     5.606	     3.701
mutilación	     1.540	     7.066	     2.937
mutilar	     1.628	     6.947	     3.056
nacimiento	     7.528	     6.301	     5.751
nación	     6.226	     5.448	     5.323
nadador	     5.709	     4.802	     5.240
nadadora	     6.255	     5.214	     5.327
narcótico	     2.644	     5.911	     3.481
natural	     6.783	     4.852	     5.611
naturaleza	     7.512	     6.182	     5.531
naufragio	     1.946	     5.882	     3.120
navaja	     2.792	     6.632	     3.448
navajero	     3.456	     6.023	     3.835
navidad	     7.768	     6.108	     5.678
necesitar	     3.102	     5.454	     3.706
néctar	     5.484	     4.514	     5.307
negligencia	     2.175	     6.198	     3.617
negro	     3.592	     5.189	     3.994
nene	     6.918	     5.213	     5.738
nervio	     3.853	     5.229	     4.465
nervioso	     2.716	     6.525	     3.654
neurótico	     2.404	     6.515	     3.357
nevera	     5.715	     4.784	     5.253
niebla	     3.727	     5.295	     3.938
nieta	     7.116	     5.674	     5.575
nieto	     7.817	     6.332	     5.843
nieve	     7.629	     6.371	     5.751
niña	     6.867	     5.553	     5.564
niño	     7.535	     6.534	     5.653
nitrógeno	     4.643	     4.488	     5.107
noción	     4.998	     4.372	     5.041
nombre	     4.853	     4.377	     5.183
notario	     4.530	     4.403	     4.962
noticias	     3.372	     6.198	     4.096
novedad	     6.531	     5.855	     5.218
novela	     6.527	     5.138	     5.237
novia	     7.216	     6.216	     5.391
novio	     7.562	     6.243	     5.547
nubes	     5.892	     4.624	     5.249
nublado	     2.837	     4.688	     3.841
nuclear	     1.929	     6.535	     3.181
nudo	     4.613	     4.385	     5.031
nutria	     6.080	     5.118	     5.345
nutrir	     6.369	     4.969	     5.538
obedecer	     3.289	     5.197	     4.366
obesidad	     2.512	     5.244	     3.598
obispo	     2.893	     5.381	     4.383
obsceno	     2.815	     5.219	     4.368
obsequio	     7.738	     6.431	     5.718
obsesión	     2.911	     6.227	     3.632
oca	     5.341	     5.524	     4.899
ocaso	     6.336	     5.145	     5.125
océano	     6.959	     6.096	     5.156
odiar	     2.045	     6.498	     4.000
odio	     1.804	     6.663	     3.613
ofender	     2.088	     6.317	     3.924
oficina	     4.351	     4.499	     4.924
olla	     5.021	     4.370	     5.158
ombligo	     4.646	     4.346	     5.163
opción	     5.474	     4.810	     5.155
opinión	     5.800	     5.290	     5.231
opio	     3.479	     5.209	     4.282
oportunidad	     7.599	     6.427	     5.559
oposición	     4.302	     5.265	     4.593
optimismo	     7.902	     5.955	     5.951
oración	     4.851	     4.343	     5.049
orangután	     5.851	     5.192	     4.969
ordenado	     6.743	     4.893	     5.749
ordenador	     5.894	     5.289	     5.343
orfanato	     1.911	     4.982	     3.379
órgano	     3.653	     5.070	     4.290
orgasmo	     8.034	     6.246	     6.012
orgullo	     4.526	     5.500	     4.756
orgulloso	     6.293	     5.413	     5.401
orina	     2.649	     4.934	     4.406
oro	     6.579	     5.067	     5.501
orquesta	     6.616	     5.102	     5.368
oscuro	     1.993	     6.279	     3.014
oso	     5.572	     5.815	     4.554
ostra	     3.844	     4.681	     4.722
otoño	     4.927	     4.467	     4.718
oveja	     5.502	     4.548	     5.312
oxidado	     3.410	     4.708	     4.514
paciente	     5.326	     5.092	     4.766
pacto	     5.343	     5.364	     4.755
padre	     6.995	     5.538	     5.470
página	     4.984	     4.196	     5.152
pájaro	     6.626	     5.409	     5.402
pala	     4.906	     4.337	     5.102
palacio	     6.767	     4.793	     5.703
palma	     4.918	     4.893	     5.053
palo	     4.820	     4.470	     5.063
paloma	     4.518	     4.969	     4.871
pamela	     5.410	     4.654	     5.202
panadera	     6.002	     5.221	     5.154
panadero	     6.343	     4.894	     5.458
pancarta	     4.966	     4.677	     5.028
pánico	     2.067	     6.780	     2.919
pantano	     4.614	     4.721	     4.873
pantera	     5.096	     6.120	     4.166
pañuelo	     5.021	     4.268	     5.219
papa	     5.791	     5.449	     5.147
papagayo	     6.443	     4.788	     5.515
papel	     5.202	     4.250	     5.273
paracaídas	     5.982	     5.799	     4.808
paraguas	     4.626	     4.712	     4.733
paraíso	     7.922	     6.422	     5.807
parálisis	     2.055	     5.884	     3.160
parchís	     6.997	     4.898	     5.771
pared	     4.863	     4.414	     5.096
pareja	     7.755	     6.262	     5.624
parque	     7.294	     5.442	     5.734
párrafo	     4.865	     4.386	     5.144
parte	     4.632	     4.353	     5.006
partera	     5.482	     5.101	     5.107
parto	     6.674	     6.255	     5.174
pasado	     6.596	     5.253	     5.127
pasaje	     5.331	     4.932	     5.200
pase	     5.183	     4.567	     5.187
pasillo	     4.641	     4.526	     5.044
pasión	     7.466	     6.200	     5.742
pasividad	     3.143	     5.006	     4.438
pasta	     7.199	     5.461	     5.646
pastel	     7.328	     5.358	     5.679
pastelero	     7.248	     5.236	     5.698
pastor	     5.942	     5.487	     5.256
pata	     4.592	     4.362	     5.148
patente	     5.357	     5.082	     5.008
patera	     2.569	     5.004	     3.751
patinadora	     6.719	     4.752	     5.594
patinete	     6.294	     5.241	     5.228
pato	     6.163	     5.043	     5.421
patriota	     4.357	     5.165	     4.809
patrón	     5.032	     4.496	     5.142
patronato	     5.144	     4.613	     5.150
pausa	     4.976	     5.266	     4.712
pausado	     4.767	     4.512	     4.989
pavimento	     4.781	     4.374	     5.182
pavo	     5.322	     5.002	     5.254
payaso	     6.664	     5.716	     5.276
paz	     7.921	     6.178	     5.949
peca	     4.694	     4.457	     5.060
pecado	     4.730	     5.194	     4.924
pecaminoso	     4.332	     4.618	     4.806
pecar	     4.019	     4.891	     4.543
pedante	     2.389	     5.728	     4.213
pedazo	     4.497	     4.518	     4.924
pediatra	     5.839	     5.399	     4.935
pedófilo	     1.585	     6.951	     3.041
pegamento	     4.431	     4.379	     5.044
peinado	     6.312	     5.164	     5.474
peine	     4.706	     4.316	     5.134
pelícano	     5.738	     4.891	     5.361
película	     6.885	     5.712	     5.397
peligro	     2.542	     6.751	     3.089
pellizco	     3.149	     5.862	     4.259
pelota	     6.798	     5.063	     5.951
peluca	     5.269	     4.962	     4.899
peluche	     7.167	     5.243	     5.409
peluquera	     5.771	     5.239	     5.272
peluquero	     5.820	     5.387	     5.273
pena	     1.952	     4.947	     3.371
pendiente	     5.092	     5.013	     5.045
pene	     6.093	     5.326	     5.397
penetración	     5.626	     5.477	     5.164
penoso	     2.496	     4.860	     3.795
pensamiento	     5.732	     5.397	     5.036
peón	     4.743	     4.373	     5.152
peonza	     6.133	     4.846	     5.303
perdedor	     2.249	     5.717	     3.531
perdición	     1.999	     5.952	     3.143
perdido	     1.782	     6.294	     2.911
perdiz	     5.349	     4.414	     5.212
perezoso	     4.062	     4.523	     4.802
perfección	     6.123	     5.401	     5.189
perfume	     6.731	     5.373	     5.409
periódico	     5.368	     5.197	     4.890
periodista	     4.512	     4.932	     4.832
periquito	     6.781	     4.858	     5.592
perro	     6.922	     5.580	     5.544
persecución	     2.669	     6.595	     3.586
persona	     5.534	     5.528	     4.967
perversión	     2.068	     6.446	     3.593
perverso	     2.408	     6.383	     3.699
pervertido	     1.728	     6.734	     3.330
pesar	     3.809	     4.506	     4.639
pesaroso	     3.169	     4.369	     4.265
pescado	     5.178	     4.511	     5.236
pescador	     5.163	     4.707	     5.055
pesimismo	     1.921	     5.156	     3.281
pesimista	     1.710	     5.929	     3.122
peste	     2.147	     5.473	     3.997
petróleo	     2.890	     5.450	     3.897
pezón	     5.544	     4.603	     5.287
piano	     7.094	     5.212	     5.322
picaresca	     6.054	     5.159	     5.446
piedra	     4.498	     4.479	     5.124
piel	     5.471	     4.444	     5.380
pieza	     5.096	     4.318	     5.167
pijama	     6.615	     4.694	     5.454
pila	     4.704	     4.624	     4.941
piloto	     5.837	     5.369	     4.941
pincel	     6.057	     4.902	     5.343
pinchazo	     2.330	     6.003	     3.627
pincho	     4.852	     5.299	     4.879
pingüino	     6.960	     5.393	     5.593
pino	     5.899	     4.802	     5.290
pinta	     5.629	     4.751	     5.208
pintor	     6.116	     4.731	     5.251
pintora	     6.616	     4.701	     5.436
pintura	     6.252	     5.517	     5.250
pinza	     4.837	     4.388	     5.187
piojo	     2.094	     5.469	     4.062
piojos	     2.201	     5.516	     4.018
pipa	     5.566	     4.516	     5.405
pirata	     5.092	     5.489	     4.652
pirómano	     2.151	     6.577	     3.412
pirotecnia	     6.153	     5.778	     4.934
pista	     5.884	     5.040	     5.304
pistola	     2.073	     6.676	     3.250
pitón	     2.450	     6.347	     3.454
pizarra	     5.238	     4.435	     5.176
pizza	     7.558	     5.518	     5.784
placer	     8.086	     6.385	     5.970
placidez	     7.181	     5.963	     5.626
plan	     6.261	     5.117	     5.423
plancha	     4.739	     4.395	     5.095
plano	     4.679	     4.382	     5.026
planta	     5.956	     4.824	     5.422
plástico	     4.606	     4.460	     5.086
plato	     5.251	     4.286	     5.288
playa	     7.768	     6.217	     5.799
pleito	     2.929	     6.414	     3.658
pluma	     5.042	     4.939	     4.884
plumero	     4.452	     4.351	     5.063
pobre	     2.612	     4.838	     3.840
pobreza	     1.692	     5.531	     3.194
poder	     5.057	     5.694	     4.961
poderío	     4.995	     5.433	     4.970
poderoso	     4.846	     5.551	     5.013
podrido	     1.949	     5.318	     4.258
poesía	     7.328	     5.484	     5.323
poetisa	     6.323	     5.191	     5.127
policía	     3.609	     6.007	     4.303
polilla	     2.697	     5.201	     4.281
polo	     5.883	     5.186	     5.379
pompa	     6.708	     5.639	     5.379
ponzoña	     2.596	     5.969	     3.527
porción	     5.394	     4.909	     5.247
pornografía	     4.520	     4.747	     4.854
porquería	     1.924	     5.554	     4.129
portería	     5.349	     4.414	     5.212
portero	     5.455	     5.243	     5.031
pórtico	     5.134	     4.297	     5.250
posadera	     5.177	     4.316	     5.341
posición	     4.995	     4.596	     5.100
póster	     5.293	     4.436	     5.195
pozo	     2.468	     6.392	     3.227
pradera	     7.319	     5.280	     5.629
precipicio	     2.948	     6.762	     3.264
predominante	     4.393	     5.161	     4.735
pregón	     5.787	     4.758	     5.218
prenda	     5.348	     4.438	     5.199
prensa	     4.268	     4.515	     4.778
preocupación	     1.924	     5.952	     3.093
presa	     2.609	     5.938	     3.678
presentador	     6.024	     5.653	     5.338
presentadora	     6.208	     5.152	     5.490
presente	     6.020	     5.533	     4.916
preservativo	     5.987	     5.269	     4.894
presidente	     2.193	     6.123	     4.105
presión	     2.426	     6.051	     3.658
preso	     2.431	     6.244	     3.480
prestigio	     6.238	     5.329	     5.403
prima	     6.637	     5.100	     5.436
primavera	     7.379	     5.399	     5.781
primo	     7.246	     5.498	     5.644
princesa	     5.515	     5.093	     5.160
príncipe	     5.797	     5.256	     5.240
prioridad	     5.079	     5.281	     4.821
prisión	     1.901	     6.287	     3.106
prisionero	     2.330	     6.072	     3.439
privacidad	     6.079	     5.489	     5.113
privación	     2.171	     6.050	     3.513
privilegio	     6.412	     5.571	     5.287
probabilidad	     4.343	     4.908	     4.745
problema	     2.144	     6.105	     3.237
proceso	     4.862	     4.449	     5.043
prodigio	     7.269	     5.811	     5.608
profesor	     5.579	     5.198	     5.184
profesora	     5.657	     5.396	     5.023
programa	     5.659	     5.404	     5.081
progreso	     7.225	     6.129	     5.528
prohibición	     2.326	     5.801	     3.823
promoción	     6.432	     4.915	     5.437
propietario	     5.405	     5.261	     4.896
proporción	     5.007	     4.425	     5.071
propuesta	     6.147	     5.647	     5.068
prosperidad	     7.093	     6.107	     5.446
prostituta	     2.663	     4.683	     3.847
protegido	     6.513	     5.352	     5.346
prótesis	     2.923	     5.753	     3.641
provocación	     3.976	     5.684	     4.550
proxeneta	     2.243	     6.127	     4.028
psicóloga	     6.944	     5.117	     5.793
psiquiatra	     5.384	     5.281	     4.768
publicación	     6.146	     5.334	     5.277
publicidad	     4.138	     4.833	     4.832
publicista	     4.977	     4.543	     5.026
pueblo	     6.511	     5.081	     5.252
puente	     5.698	     5.281	     5.036
puerta	     4.714	     4.415	     5.041
puerto	     6.291	     5.039	     5.526
pulga	     2.697	     5.201	     4.281
pulpo	     5.189	     4.750	     5.144
pulsera	     5.829	     4.842	     5.337
puntapié	     3.404	     5.631	     4.339
puñal	     2.084	     6.702	     3.293
puño	     2.343	     6.717	     3.728
pupila	     5.183	     5.052	     5.078
pureza	     7.006	     5.118	     5.779
purgatorio	     2.198	     6.021	     3.396
pus	     2.109	     5.370	     4.099
puta	     2.266	     5.639	     3.866
putrefacto	     2.078	     5.377	     4.214
puzle	     6.665	     5.193	     5.723
queja	     3.067	     5.701	     4.223
quemadura	     2.591	     5.976	     3.613
querida	     6.824	     5.886	     5.189
querido	     7.239	     5.991	     5.315
queroseno	     3.530	     5.548	     4.036
quiebra	     1.880	     6.195	     3.128
quietud	     4.837	     4.868	     4.940
quimera	     4.109	     5.263	     4.633
quiosco	     5.362	     4.455	     5.172
rabia	     2.063	     6.599	     3.936
radiador	     5.128	     4.301	     5.264
radiante	     7.231	     5.377	     5.652
radio	     6.368	     4.943	     5.438
ramo	     6.717	     4.798	     5.340
rana	     5.789	     5.330	     5.368
rancio	     2.672	     5.391	     4.309
rápido	     5.596	     5.380	     4.764
rapto	     1.849	     6.600	     3.362
rareza	     4.688	     5.403	     4.471
raro	     4.465	     5.107	     4.440
rascacielos	     5.624	     5.384	     4.812
rastro	     4.588	     5.136	     4.719
rata	     2.902	     5.499	     3.944
ratón	     3.805	     4.998	     4.454
realeza	     3.243	     5.376	     4.562
realidad	     5.402	     6.026	     4.776
realismo	     5.153	     5.698	     4.844
rebelde	     3.229	     6.013	     4.167
rebelión	     3.918	     6.374	     4.255
recado	     4.788	     4.362	     5.145
rechazado	     1.974	     5.883	     3.286
rechazo	     1.668	     6.677	     2.818
recogedor	     4.681	     4.361	     5.158
recompensa	     6.998	     5.664	     5.574
reconocido	     5.874	     5.280	     5.115
recorte	     2.128	     6.253	     3.841
recreo	     7.996	     5.764	     6.101
rectángulo	     4.616	     4.347	     5.114
recuerdo	     7.210	     5.836	     5.441
recuerdos	     7.086	     5.873	     5.311
recurso	     6.021	     5.172	     5.049
refinería	     3.652	     4.580	     4.583
reflejo	     5.221	     4.687	     5.109
reflexión	     5.958	     5.343	     4.965
refrigerio	     6.293	     4.724	     5.358
refugiada	     3.069	     5.204	     3.737
refugiado	     2.080	     5.578	     3.461
regalo	     7.957	     6.116	     5.813
régimen	     2.631	     5.680	     3.898
regresión	     3.739	     4.803	     4.504
rehén	     1.894	     6.416	     3.051
reina	     5.412	     5.449	     4.979
relajado	     7.292	     5.264	     5.726
relámpago	     3.509	     5.997	     3.729
relato	     6.034	     5.119	     4.884
reloj	     4.760	     4.919	     4.824
reno	     6.110	     5.331	     5.056
repisa	     4.558	     4.472	     5.111
réplica	     4.661	     4.695	     4.999
reportera	     6.475	     5.297	     5.300
represión	     1.930	     6.452	     3.739
reptil	     3.470	     5.429	     4.082
repugnante	     1.947	     5.529	     4.104
repulsión	     2.419	     5.403	     3.867
reputación	     5.173	     5.327	     4.870
resaca	     2.659	     5.192	     4.313
rescate	     6.339	     5.730	     5.005
resentirse	     2.295	     5.442	     3.628
reservado	     4.621	     4.299	     5.071
respeto	     6.923	     5.489	     5.760
respetuoso	     6.765	     5.192	     5.907
respuesta	     5.277	     5.198	     5.052
restaurante	     6.406	     4.601	     5.503
retórica	     5.636	     5.262	     5.217
retrasado	     2.951	     4.425	     3.979
retrato	     5.756	     5.121	     5.095
retrete	     3.063	     4.809	     4.535
reunión	     5.172	     5.154	     4.848
revelación	     5.903	     5.533	     4.953
reverendo	     3.744	     4.871	     4.696
reverente	     5.732	     4.811	     5.197
revés	     4.744	     4.366	     5.106
revivir	     7.278	     6.179	     5.321
revolución	     4.906	     6.006	     4.883
revólver	     1.946	     6.663	     3.188
revuelta	     3.363	     5.881	     4.114
rey	     2.706	     5.561	     4.294
riego	     5.428	     4.506	     5.266
riesgo	     5.009	     6.041	     4.248
rifle	     2.296	     6.603	     3.202
rígido	     4.207	     4.670	     4.839
rinoceronte	     4.731	     5.443	     4.571
riña	     2.078	     6.349	     3.362
río	     5.953	     5.168	     5.271
riqueza	     6.136	     5.509	     5.193
risa	     8.034	     6.246	     6.012
rivalidad	     2.941	     6.303	     4.080
roca	     4.749	     4.462	     5.067
rojo	     5.852	     5.699	     5.233
romanticismo	     7.483	     5.969	     5.493
romántico	     7.642	     6.263	     5.551
rompecabezas	     5.687	     5.444	     5.019
roña	     1.962	     5.464	     4.163
ropa	     6.699	     4.664	     5.692
rotación	     5.088	     4.700	     5.108
roto	     2.309	     5.753	     3.507
rotulador	     5.353	     4.397	     5.396
rotura	     1.981	     5.914	     3.313
rubio	     5.496	     4.474	     5.326
rugido	     3.018	     6.392	     3.714
ruido	     3.833	     5.620	     4.517
ruidoso	     3.284	     5.746	     4.364
ruiseñor	     6.797	     5.011	     5.816
ruptura	     1.885	     5.529	     3.196
sabio	     7.169	     5.767	     5.736
sabor	     6.354	     5.417	     5.194
sacapuntas	     4.863	     4.399	     5.136
sacerdote	     3.506	     4.993	     4.572
saciedad	     5.531	     5.324	     5.053
saco	     4.458	     4.511	     5.037
sacrificio	     2.528	     5.958	     3.618
sádico	     2.124	     6.643	     3.393
salamandra	     4.214	     5.128	     4.494
saltamontes	     3.865	     4.816	     4.617
salto	     6.177	     5.705	     5.076
salud	     7.635	     6.488	     5.641
saludar	     7.265	     5.700	     5.751
saludo	     6.969	     5.316	     5.797
salvador	     6.981	     5.266	     5.668
sangriento	     2.071	     6.164	     3.375
sanguijuela	     2.387	     5.351	     3.913
sanidad	     5.329	     5.456	     4.933
santo	     5.372	     4.494	     5.141
sapo	     3.015	     5.072	     4.234
sarampión	     2.408	     5.677	     3.604
sastre	     5.787	     4.583	     5.222
satisfecho	     7.538	     5.503	     5.828
secador	     5.121	     4.419	     5.238
sección	     4.751	     4.381	     5.038
secretaria	     5.067	     4.972	     4.898
secretario	     4.918	     4.378	     5.106
secuestrador	     1.845	     6.751	     3.069
secuestro	     1.770	     6.784	     3.113
seda	     6.574	     4.674	     5.529
seguridad	     6.743	     5.609	     5.272
seguro	     6.948	     5.321	     5.687
semáforo	     4.636	     4.433	     5.063
senadora	     3.614	     5.199	     4.657
seno	     5.265	     4.354	     5.313
sensualidad	     7.062	     5.853	     5.673
sentimiento	     7.005	     5.935	     5.248
señal	     5.242	     5.339	     4.928
sepia	     4.741	     4.541	     4.923
sepulturero	     3.033	     4.685	     3.904
sequía	     2.403	     5.747	     3.387
seriedad	     4.022	     4.531	     4.747
serio	     3.309	     4.768	     4.381
serpiente	     2.892	     5.924	     3.617
servilleta	     5.051	     4.278	     5.195
severidad	     2.501	     6.166	     3.778
sexo	     7.813	     6.205	     5.797
sexy	     7.558	     5.518	     5.784
sierra	     4.273	     5.553	     4.182
significado	     5.159	     5.077	     5.100
signo	     4.749	     4.376	     5.118
silbato	     5.121	     4.438	     4.922
silla	     5.223	     4.330	     5.334
símbolo	     5.003	     4.820	     5.033
simetría	     6.003	     5.318	     5.303
simpático	     7.886	     5.728	     5.979
siniestro	     2.084	     6.510	     3.438
sirena	     5.423	     4.976	     5.170
situación	     4.832	     5.255	     4.852
snob	     3.537	     4.690	     4.646
sobrecogido	     3.321	     5.348	     3.773
sobresaltado	     3.325	     6.378	     3.577
sociable	     7.319	     6.001	     5.678
sociedad	     4.401	     5.326	     4.903
socorro	     2.308	     6.718	     3.127
sofá	     6.988	     5.004	     5.675
soga	     2.021	     6.159	     3.204
sol	     8.078	     6.299	     5.954
solar	     6.168	     5.163	     5.308
soldado	     3.265	     5.493	     3.871
soleado	     7.240	     5.914	     5.690
soledad	     1.912	     5.133	     3.257
solemne	     5.515	     4.520	     5.068
solitario	     2.234	     4.777	     3.580
solo	     2.658	     5.065	     3.643
soltero	     5.278	     4.459	     5.191
solución	     7.473	     6.256	     5.652
sombra	     3.969	     5.155	     4.072
sombrero	     5.237	     4.330	     5.326
sombrilla	     6.740	     4.634	     5.616
sonajero	     6.739	     4.919	     5.808
soplete	     4.121	     5.429	     4.181
soplo	     3.748	     4.733	     4.519
sorprendido	     6.483	     5.158	     5.527
soso	     3.332	     4.647	     4.444
sospechoso	     3.001	     6.479	     3.448
spray	     4.579	     4.335	     5.181
suave	     6.525	     4.715	     5.502
suavidad	     7.253	     5.840	     5.618
subida	     5.598	     5.282	     4.934
submarinista	     5.738	     5.063	     5.295
suburbio	     2.494	     5.574	     3.528
suceso	     5.194	     4.956	     4.727
suciedad	     1.976	     5.336	     4.255
sucio	     2.003	     5.342	     4.267
sudor	     2.711	     5.066	     4.413
suegra	     5.991	     5.239	     4.969
sueño	     6.469	     5.271	     5.237
suicidio	     1.597	     5.961	     2.881
sujetador	     5.572	     4.412	     5.301
superdotado	     5.817	     5.128	     5.192
superioridad	     2.213	     6.109	     4.064
supermercado	     5.510	     4.475	     5.244
suplicio	     2.341	     5.747	     3.772
sustento	     6.016	     4.931	     5.158
tabaco	     2.171	     5.867	     3.706
tábano	     2.583	     6.049	     3.524
tabla	     4.742	     4.386	     5.154
tablero	     4.847	     4.358	     5.149
tablón	     4.788	     4.406	     5.126
taburete	     5.301	     4.362	     5.283
taladro	     3.486	     5.938	     4.106
talento	     7.338	     5.976	     5.653
talla	     4.248	     4.926	     4.772
talle	     4.843	     4.367	     5.147
talón	     4.714	     4.360	     5.129
tamaño	     4.952	     4.948	     5.028
tambor	     6.376	     5.850	     5.308
tanatorio	     1.752	     5.148	     3.279
tanga	     5.548	     4.963	     5.325
tanque	     1.994	     6.581	     3.414
tarántula	     2.268	     6.307	     3.449
tarta	     7.334	     5.271	     5.792
tatuaje	     6.017	     5.404	     4.964
taxi	     4.866	     4.389	     5.123
taza	     5.526	     4.407	     5.206
teja	     4.806	     4.387	     5.138
tela	     5.193	     4.353	     5.293
teléfono	     5.874	     5.460	     5.057
telescopio	     5.686	     4.628	     5.293
televisión	     5.709	     5.659	     5.022
temeroso	     3.080	     6.366	     3.557
temor	     1.990	     6.648	     2.959
temperamental	     3.820	     5.588	     4.462
tenedor	     4.867	     4.390	     5.105
tenis	     6.141	     5.364	     5.393
tensión	     2.551	     6.189	     3.637
tenso	     2.711	     6.457	     3.646
tentación	     5.734	     5.769	     4.857
tenue	     4.165	     4.646	     4.565
teoría	     5.187	     4.456	     5.140
termita	     3.330	     5.054	     4.428
termómetro	     4.579	     4.487	     5.061
terrible	     2.252	     6.487	     3.395
terrorista	     1.618	     6.912	     3.050
tesoro	     7.334	     5.753	     5.666
testamento	     2.511	     5.366	     3.628
tiburón	     3.186	     6.649	     3.447
tiempo	     5.482	     5.253	     4.726
tienda	     5.511	     4.578	     5.327
tierno	     7.303	     5.469	     5.664
tierra	     5.806	     5.214	     5.259
tieso	     3.998	     4.978	     4.649
tigre	     5.264	     5.788	     4.387
tijeras	     4.563	     4.549	     5.033
tímido	     3.635	     4.848	     4.198
tinta	     4.871	     4.359	     5.198
tío	     6.279	     5.158	     5.378
tirano	     2.183	     6.441	     3.768
tirita	     3.636	     4.612	     4.528
titular	     6.253	     5.030	     5.499
toalla	     5.230	     4.321	     5.348
tobillo	     4.764	     4.348	     5.155
tobogán	     7.324	     6.111	     5.575
tolerancia	     7.207	     5.737	     5.603
tolerante	     6.924	     5.214	     5.867
tomate	     5.348	     4.412	     5.259
tonada	     5.424	     4.914	     5.012
tontería	     5.035	     4.697	     5.030
tonto	     3.260	     4.309	     4.410
topo	     4.800	     4.841	     4.826
torero	     2.398	     5.607	     4.212
tormenta	     3.364	     5.368	     3.734
tornado	     2.134	     6.726	     2.970
tornillo	     4.793	     4.417	     5.176
toro	     3.478	     5.365	     3.978
torpe	     3.529	     4.772	     4.534
torre	     4.754	     4.365	     5.159
tortuga	     5.902	     4.939	     5.203
tortura	     1.494	     7.065	     2.887
torturador	     1.514	     7.063	     2.942
tóxico	     2.327	     6.197	     3.414
tractor	     5.182	     4.421	     5.153
traficante	     2.158	     6.457	     3.586
tragedia	     1.587	     6.347	     2.853
traicionar	     1.943	     6.537	     3.880
traidor	     1.995	     6.304	     3.971
traje	     6.087	     5.121	     5.286
trámite	     4.001	     5.289	     4.603
trampa	     2.179	     6.516	     3.412
trampolín	     5.907	     5.374	     4.913
trance	     2.982	     6.242	     3.446
tranquilo	     6.583	     5.036	     5.747
tránsito	     3.659	     5.228	     4.574
tranvía	     5.196	     5.044	     4.981
trapecista	     5.802	     5.503	     4.889
trascendencia	     5.134	     5.190	     4.817
trato	     5.939	     5.423	     5.274
trauma	     1.658	     6.233	     2.862
travesía	     5.954	     5.063	     5.236
travesura	     6.061	     5.707	     5.308
trecho	     4.584	     4.397	     5.099
tregua	     6.272	     5.514	     5.171
triángulo	     4.863	     4.399	     5.136
tripa	     3.896	     4.842	     4.646
trípode	     5.151	     4.297	     5.261
triste	     2.025	     4.951	     3.443
triunfante	     7.505	     6.091	     5.723
triunfo	     7.849	     6.338	     5.796
trofeo	     7.675	     6.529	     5.710
trompeta	     6.158	     5.101	     5.487
trozo	     4.359	     4.516	     4.838
trucha	     4.901	     4.431	     5.142
tuberculosis	     2.064	     5.871	     3.360
tucán	     6.667	     5.004	     5.501
tuerca	     4.779	     4.388	     5.184
tumba	     1.774	     5.631	     3.087
tumor	     1.624	     6.739	     2.853
túnel	     3.731	     5.583	     3.883
turbio	     3.044	     5.274	     3.911
turno	     4.911	     4.561	     5.012
úlcera	     2.420	     5.602	     3.603
unidad	     5.217	     4.834	     5.059
uniforme	     3.778	     4.851	     4.681
urraca	     4.702	     4.571	     4.907
utensilio	     4.786	     4.442	     5.063
útero	     4.885	     4.927	     4.926
útil	     7.148	     5.874	     5.688
utopía	     6.438	     5.357	     5.164
vaca	     5.765	     5.191	     5.238
vacación	     7.698	     5.524	     5.874
vacilar	     3.675	     5.513	     4.589
vagina	     5.604	     5.015	     5.358
vagón	     4.712	     4.524	     4.981
vale	     5.366	     4.374	     5.174
valiente	     7.364	     6.258	     5.602
valle	     6.727	     4.886	     5.608
vampiro	     3.781	     5.331	     4.299
vándalo	     2.083	     6.598	     3.381
vanidad	     3.645	     4.978	     4.712
váter	     3.305	     4.797	     4.529
vehículo	     5.507	     5.195	     5.139
vela	     5.424	     5.068	     4.826
velero	     6.951	     5.557	     5.331
velo	     3.585	     5.927	     4.021
veloz	     5.907	     5.384	     5.311
vencedor	     6.939	     6.027	     5.650
vencedora	     7.223	     6.026	     5.467
vencido	     2.064	     5.742	     3.521
venda	     2.984	     5.890	     3.485
vendedor	     5.005	     4.599	     5.054
veneno	     2.053	     6.514	     3.301
veneración	     3.971	     4.783	     4.769
venganza	     2.396	     6.621	     3.775
ventaja	     7.099	     5.744	     5.641
ventana	     5.911	     4.912	     4.839
ventanilla	     5.775	     5.102	     4.971
verbena	     6.845	     5.311	     5.716
verdad	     7.317	     6.142	     5.310
verdadero	     6.938	     5.767	     5.364
verde	     6.916	     4.904	     5.785
verdugo	     2.292	     6.139	     3.611
vergonzoso	     2.717	     5.893	     3.402
verruga	     2.262	     5.453	     4.006
versión	     4.647	     4.378	     5.133
verso	     6.071	     4.942	     5.167
vertedero	     2.095	     5.219	     4.222
vértigo	     3.150	     6.584	     3.368
vestíbulo	     4.968	     4.422	     5.049
vestido	     6.712	     4.793	     5.561
veterano	     5.218	     5.149	     5.022
veterinaria	     6.188	     5.168	     4.960
veterinario	     6.414	     4.966	     5.404
viajes	     7.993	     6.520	     5.913
víbora	     2.365	     6.217	     3.417
vicio	     3.252	     6.384	     3.789
víctima	     1.960	     5.522	     3.458
victimismo	     2.307	     5.701	     4.044
victoria	     7.843	     6.378	     5.928
vida	     7.527	     6.068	     5.598
vídeo	     5.754	     4.813	     5.358
vidrio	     4.866	     4.428	     5.033
vigía	     4.246	     4.907	     4.692
vigilante	     4.441	     4.924	     4.853
vigoroso	     5.697	     5.401	     5.131
vino	     6.062	     5.244	     5.349
violación	     1.531	     7.074	     2.961
violencia	     1.856	     6.692	     3.417
violento	     1.616	     6.932	     3.104
violín	     7.124	     5.329	     5.199
virgen	     4.879	     4.367	     5.097
virtud	     7.238	     5.352	     5.652
viruela	     2.129	     6.290	     3.308
visión	     6.914	     5.539	     5.571
vistazo	     4.761	     4.671	     4.993
vitalidad	     7.835	     5.422	     6.054
viuda	     2.219	     4.717	     3.572
vívido	     6.028	     5.148	     5.217
vivir	     7.653	     6.380	     5.524
vivo	     7.852	     6.482	     5.702
volcán	     2.656	     6.739	     3.215
volumen	     5.022	     4.665	     5.161
voluntad	     6.999	     5.638	     5.811
voluptuosidad	     5.609	     5.587	     4.997
vómito	     2.023	     5.440	     4.157
yate	     6.919	     5.508	     5.562
zafiro	     6.322	     5.249	     5.484
zapato	     5.478	     4.558	     5.406
zorro	     5.092	     5.577	     4.494
zurra	     2.889	     6.201	     3.914
